subreddit,post_title,comment_body,predicted_emotion,predicted_topic
Liberal,Could somebody cheer me up here?,I am hearing notes of panic from Bondi. Hang in there. There will be a reckoning in the old sense of the word. The bill will come due and it will be paid. ,optimism,Political Accountability
Liberal,Could somebody cheer me up here?,"At least she is focusing on very serious issues like Vaping... On a serious note though, Massie and Lieu were cooking!",disapproval,Legislation
Liberal,Could somebody cheer me up here?,"Maybe being overly naive and hopeful, maybe, just maybe the dominoes are starting to fall.",optimism,Political Change
Liberal,Could somebody cheer me up here?,"Congestive heart failure finds a way. The cult is vulnerable to the single persona, and no one remaining has an ounce of the needed toxic charisma. 

Buy a nice champagne to be ready and keep it in the fridge, then every day you open it you can just tell yourself “soon”.",desire,Political Leadership
Liberal,Could somebody cheer me up here?,"The light is that November is coming.

If for whatever reason we are no longer allowed to vote, then we need to have another talk.",disapproval,Voting Rights
Liberal,Could somebody cheer me up here?,"We are right there with you. Many of us. There are more of us than them please remember that. Did you notice she was being handed “hit” books on all the house members when it was their time to ask questions? She was there to perform for chump, not answer questions. Besides, her hair flipping was a sign she’s nervous and panicking. Super bitch and I abhor her. She will pay the price someday.",anger,Government Conduct
Liberal,Could somebody cheer me up here?,"Trump’s circle is dependent on his enablement and his alone. Yes, there will be lots and lots of cleanup after he exits. But it will be cleaning up the stain Trump made and his followers cannot or will not fix. 

This means non-MAGA people at all levels of government and none will ever win elective office again. But people will conveniently forget their MAGA alliances. Will any of them go to prison? In a perfect world, yes. 

But, the crumbling of the shit infrastructure will poison the name of Trump and MAGA so much that only three people will continue: Bannon, Miller, and Stone. Everyone else will delay, deny, defend their stance. 

Trump succumbs to one of his many maladies. The best scenario is that he does this on Fox News, undeniably and then doubles and triples down credibly. Then the process begins: 25th amendment; impeachment and conviction; or his death (that will have been covered up for days/weeks/months). And none of it will be good. 

No one will apologize, no one will own up to anything, no one will be held accountable. There will be no satisfactory resolution. Just like the Civil War. We will have to dismantle Trumpism over years and years. His followers will die off and history will get the last word. 
 
I truly hope some good legislation comes of this and that people become afraid to use DEI, BLM, Woke, Trans, and other euphemisms for good behavior and empathy as derogatory remarks.",anger,Trumpism
Liberal,Could somebody cheer me up here?,I’m feeling the exact same way. I know it’ll be over one day. But sometimes I do wonder when that day will finally be here.,sadness,Not applicable
Liberal,Could somebody cheer me up here?,"Remember the end of CW where the white house was basically empty with random shit and takeout boxes everywhere? It feels like that's where we're headed. Smart people will quietly sneak away and only a handful of true believers are left. 

Maybe I'm being hopeful, I dunno. At Leavitt's presser yesterday I saw a flash of actual humanity through all that plastic when Epstein survivors came up.",sadness,Epstein Scandal
Liberal,Could somebody cheer me up here?,"Let her continue to make an absolute mess of herself.

This will end. They will be held accountable. She will not do well in prison. None of them will. ",anger,Political Accountability
Liberal,Jaw-Dropping Number of Times Trump Is Named in Epstein Files Revealed by Rep; “President Donald Trump’s name appears in the Epstein files more than a million times”,"Welp, I don't know about you guys, but that is more than enough for me.",disapproval,Donald Trump
Liberal,Jaw-Dropping Number of Times Trump Is Named in Epstein Files Revealed by Rep; “President Donald Trump’s name appears in the Epstein files more than a million times”,Does trump's name appear in the epstein files more than epstein? Because that would be a hell of a statistic.,curiosity,Political Scandal
Liberal,Jaw-Dropping Number of Times Trump Is Named in Epstein Files Revealed by Rep; “President Donald Trump’s name appears in the Epstein files more than a million times”,"We are fast approaching the point that will prove Trump right. “I can shoot someone on fifth Avenue and not lose a single vote.“
MAGA will support him even if the files contain pictures of him actually raping eight and nine-year-old girls. They’ll find a way to say those pictures were AI generated even though AI didn’t exist back then. They will always have an excuse for him.",disgust,Trump
Liberal,Jaw-Dropping Number of Times Trump Is Named in Epstein Files Revealed by Rep; “President Donald Trump’s name appears in the Epstein files more than a million times”,"Man, I wish I had a dollar for every time his name shows up in those files.",amusement,Trump/Epstein
Liberal,Jaw-Dropping Number of Times Trump Is Named in Epstein Files Revealed by Rep; “President Donald Trump’s name appears in the Epstein files more than a million times”,"That seems unlikely tbh, that'd be 1 out of every 3 documents assuming his name was used only once in each. He's definitely involved but idk about that number",confusion,Political Scandal
Liberal,Jaw-Dropping Number of Times Trump Is Named in Epstein Files Revealed by Rep; “President Donald Trump’s name appears in the Epstein files more than a million times”,"Only 1 million times? This definitely exonerates him. Move on, people!",disapproval,Trump Epstein Files
Liberal,Jaw-Dropping Number of Times Trump Is Named in Epstein Files Revealed by Rep; “President Donald Trump’s name appears in the Epstein files more than a million times”,Do I live on a different planet...Raskin said in his interview that I watched it was thousands. I cannot find him saying a million on camera.,confusion,Epstein Files
Liberal,Jaw-Dropping Number of Times Trump Is Named in Epstein Files Revealed by Rep; “President Donald Trump’s name appears in the Epstein files more than a million times”,Fuck sleepy joe for sitting on this btw,anger,Political Accountability
Liberal,Jaw-Dropping Number of Times Trump Is Named in Epstein Files Revealed by Rep; “President Donald Trump’s name appears in the Epstein files more than a million times”,"in two weeks itll be 2 million, in a year itll be 10 million, then by the time the next generation reads about it, his name will have been mentioned 1 billion times.",annoyance,Epstein Files
Liberal,Jaw-Dropping Number of Times Trump Is Named in Epstein Files Revealed by Rep; “President Donald Trump’s name appears in the Epstein files more than a million times”,Incarceration for every year his name is mentioned. Simple fix.,anger,Political Scandal
Liberal,"GOP Senator Suggests Dems Wanted ICE to Kill Protesters Like Renee Good, Alex Pretti: ‘They Got Their Martyrs’","For the sake of argument, let's say that is true.

The American Gestapo (Formerly Known as Ice) didn't have to make it this easy to goad them into killing American citizens.

Renee Good's last words to her ICE executioner *""That's fine, dude. I'm not even mad at you.""*

Those ain't exactly fight'n words, know what I mean?",anger,Immigration Enforcement
Liberal,"GOP Senator Suggests Dems Wanted ICE to Kill Protesters Like Renee Good, Alex Pretti: ‘They Got Their Martyrs’",It was inevitable. Trump wanted his spectacle of cruelty. It was designed to be as offensive as possible to decent people’s sensibilities. What did they think would happen?,anger,Protests
Liberal,"GOP Senator Suggests Dems Wanted ICE to Kill Protesters Like Renee Good, Alex Pretti: ‘They Got Their Martyrs’","That ghoul Stephen Miller wants the ammo of resistance to force Mango Moussollini into enacting the Insurrection Act to declare Martial Law. Do not physically assault ICE agents or federal agents. It will only open the opportunity for Drumf to declare Martial Law with US military forces. Examlle the movie The Siege. Bruce warned the Potus against it and it was enacted. Many innocents died and suffered. That's what's happening now.

As a Military vet, I would defy unlawful orders against my fellow Americans. But Maga has its claws in the military too. Stay strong brothers and sisters. Disobey unlawful orders!",fear,Martial Law
Liberal,"GOP Senator Suggests Dems Wanted ICE to Kill Protesters Like Renee Good, Alex Pretti: ‘They Got Their Martyrs’",Weird statements like this are why it's not out of bounds for me to consider that CK really was assassinated by his own people (so to speak) in an attempt to make him a martyr.,disapproval,Political Rhetoric
Liberal,"GOP Senator Suggests Dems Wanted ICE to Kill Protesters Like Renee Good, Alex Pretti: ‘They Got Their Martyrs’",The Republican MAGA Senator lives so deep in MAGA bizzarro world that he does not understand actually human feelings of outrage that a human being was senselessly killed and nothing is being done about it because the person who did it is protected by a callous fascist regime.  ,anger,Government Accountability
Liberal,"GOP Senator Suggests Dems Wanted ICE to Kill Protesters Like Renee Good, Alex Pretti: ‘They Got Their Martyrs’",Yet another of a long list of reasons why I oppose the GOP.,disapproval,Political parties
Liberal,"GOP Senator Suggests Dems Wanted ICE to Kill Protesters Like Renee Good, Alex Pretti: ‘They Got Their Martyrs’",That they think to say this proves where their mind is.  They are accusing us because killing a person to create a martyr is exactly what they would do.,anger,Political tactics
Liberal,"GOP Senator Suggests Dems Wanted ICE to Kill Protesters Like Renee Good, Alex Pretti: ‘They Got Their Martyrs’",They really are just out here saying whatever they can think of.,annoyance,Political rhetoric
Liberal,"GOP Senator Suggests Dems Wanted ICE to Kill Protesters Like Renee Good, Alex Pretti: ‘They Got Their Martyrs’",I suspect the administration wanted something like this to happen in order to goad our side into escalating as a pretext for martial law.,fear,Government overreach
Liberal,"GOP Senator Suggests Dems Wanted ICE to Kill Protesters Like Renee Good, Alex Pretti: ‘They Got Their Martyrs’",What the hell is wrong with these people?,anger,Political Rhetoric
Liberal,lol 😂 Kid Rock/Turning Point USA halftime show only had 6 million viewers 🤣,Probably half of that or 2/3 of that is from bot farms.,disapproval,Political Events
Liberal,lol 😂 Kid Rock/Turning Point USA halftime show only had 6 million viewers 🤣,"I heard 127 million for Bad Bunny and 5 million for Kid Rock. 

IMO that’s 5 million too many.",disapproval,Conservatism
Liberal,lol 😂 Kid Rock/Turning Point USA halftime show only had 6 million viewers 🤣,That’s still about 6 million too many,disapproval,Conservatism
Liberal,lol 😂 Kid Rock/Turning Point USA halftime show only had 6 million viewers 🤣,Were they all from Ghana and Russia?,disapproval,Foreign influence
Liberal,lol 😂 Kid Rock/Turning Point USA halftime show only had 6 million viewers 🤣,I’m referring to him as Epstein Island from now on.,disgust,Political Commentary
Liberal,lol 😂 Kid Rock/Turning Point USA halftime show only had 6 million viewers 🤣,Apparently it dropped by a couple mil when Kid Rock actually came on,amusement,Conservative Politics
Liberal,lol 😂 Kid Rock/Turning Point USA halftime show only had 6 million viewers 🤣,"A perfect example of how these reality-detached cultists are the most un-American cretins alive...they don't want to assimilate to American culture—which, whether they like it or not includes Puerto Rican culture—they want their little white bread safe space. Maybe we should give these clowns Texas and let them secede, they're a net negative on wider society anyway. ",anger,Political Division
Liberal,lol 😂 Kid Rock/Turning Point USA halftime show only had 6 million viewers 🤣,It’s been proven that bot farms weee involved in even getting to that number.,disapproval,Political manipulation
Liberal,lol 😂 Kid Rock/Turning Point USA halftime show only had 6 million viewers 🤣,Plus MAGA was telling everyone to watch it on multiple screens to boost views 😂,amusement,MAGA
Liberal,lol 😂 Kid Rock/Turning Point USA halftime show only had 6 million viewers 🤣,Have to also factor in the communicated plan of the far right nitwits to turn The TPUSA Halftime Shit Show on every device they own to boost ratings. And this is still all they could muster,annoyance,Political activism
Liberal,Question about the super bowl- couldn’t figure out how to phrase it to look it up😂,"It’s about money. Look who they have had for the halftime show. Bad Bunny has 110M monthly subscribers on Spotify America alone. 

I’ll bet over half the 127M who tuned in for the halftime show only watched the HT show. And that’s just fine with the NFL. 

They’re gonna have their red blooded Americans watching no matter what. It’s no coincidence they’ve had massively popular artists for HT to reach beyond their core audience. 

Plus all the residual watching on various platforms. Each time someone watches the BB HT show it’s an ad for NFL.",neutral,None
Liberal,Question about the super bowl- couldn’t figure out how to phrase it to look it up😂,"Hasn’t the NFL has been trying to be more international? Because otherwise they are trying to give orange dumpnuts a stroke with that lineup. Spoiler alert, it didn’t work.",annoyance,US Politics
Liberal,Question about the super bowl- couldn’t figure out how to phrase it to look it up😂,"This is a fascinating strategy case. The TL;DR is that the NFL has no substitute so they're never worried about losing fans.

Let's say you piss off a die hard, conservative leaning, yucky fan with this superbowl. Are they going to boycott the NFL next season? No.

Meanwhile, how does the NFL grow YoY (they have owners / shareholders, too)? Well, they've sort of filled up the conservative demographic. So, they have to branch out. They have to attract a new market, if they intend to grow. So - doing Kendrick last year. Or Bad Bunny this year. Give the NFL a chance to open up a new demographic. With 0 risk to alienating their fanbase. Another case study - using Taylor Swift to try to make NFL more appealing for women.

Long-term, this pattern might not hold. You could see competition like the XFL form. Or love of soccer for example. But I think NFL is too firmly entrenched in the national identity for this to be a problem for \~10 years.",realization,Cultural Politics
Liberal,Question about the super bowl- couldn’t figure out how to phrase it to look it up😂,Money,neutral,None
Liberal,Question about the super bowl- couldn’t figure out how to phrase it to look it up😂,"Being as they have had black lives matter and other slogans on the field and on helmets -- I don't know that they are conservative. Then again, those things may have been demanded by the players. Who may not necessarily be liberal either but not conservative. They have a lot of power I think and they are represented by a union, and unions tend to be supported by liberals.",confusion,Social Justice
Liberal,Question about the super bowl- couldn’t figure out how to phrase it to look it up😂,"Don’t be so quick to assume things that seem conservativeish as yucky. I have beautiful diverse family in North Dakota and Minnesota and they are all farmers, hunters and love football.",annoyance,Political Stereotypes
Liberal,Question about the super bowl- couldn’t figure out how to phrase it to look it up😂,"There is no love between Trump and the NFL owners. He sued them for antitrust in the early 1980s and the jury found that the NFL was a monopoly and awarded the USFL $1.00.  So they both lost, but Trump worse. 

I thought it was the owners giving him the finger again.",annoyance,Trump
Liberal,Question about the super bowl- couldn’t figure out how to phrase it to look it up😂,"""Conservative leaning and yucky"" 

Its football. This is a sport not Fox News.....",annoyance,Political commentary
Liberal,Question about the super bowl- couldn’t figure out how to phrase it to look it up😂,You gotta be kidding me...NFW.,annoyance,None
Liberal,This is so frustrating! If Republicans don’t believe this is real…,"The issue is everybody needs to make money to not starve. So we go to work to pay the big boys who all want to out earn each other.

They care about monthly goals and quarterly earnings not decade outlooks",disapproval,Corporate Greed
Liberal,This is so frustrating! If Republicans don’t believe this is real…,"Republicans make decisions based on one thing - does it get voters to vote for them. That’s it. They don’t care about climate, justice, democracy, truth, etc, etc. 

Since the religious right thinks god won’t let the earth kill us there can’t be climate change so republicans lean into that. Period.",disapproval,Climate Change
Liberal,This is so frustrating! If Republicans don’t believe this is real…,Its not that they don’t believe there is global warming. It’s just they argue that it is part of the earths normal freeze thaw process.,neutral,Climate Change
Liberal,This is so frustrating! If Republicans don’t believe this is real…,"Here's the problem I have with the article...predict, could, may...These guys may know, but they hedge their bets.  Either they know, or they don't.  If you want me to give up my Ford F-250 diesel and bump my air up 3 degrees then be more affirmative about this topic.",annoyance,Climate Change
Liberal,This is so frustrating! If Republicans don’t believe this is real…,I didn’t get a chance to read the articles. Can you please cite the scientific journals listed in the article that show this trend?,curiosity,Science Policy
Liberal,This is so frustrating! If Republicans don’t believe this is real…,[removed],neutral,No topic
Liberal,This has to be satire right?,"Yes the person who leads the FBI, kash Patel is a trump supporter and closed the investigation immediately without interviewing any of the witnesses or rape and trafficking survivors.",disapproval,Justice System
Liberal,This has to be satire right?,I saw that too and didn’t understand what it was all about…,confusion,None
Liberal,This has to be satire right?,Got me. Paywall.,annoyance,Media Access
Liberal,This has to be satire right?,"He looks like he just farted as he exited the elevator.

Doubt that piece of shit had that smile as he exited life.",anger,Political Figure
Liberal,This has to be satire right?,"I will not click on WP links. Here it is archived

https://archive.ph/KGsuJ",disapproval,Media Bias
Liberal,GOP's new fear: Losing the Senate in November,When we take back Congress in the midterms I can’t wait for the vengeance. I want every Republican behind bars.,anger,Elections
Liberal,GOP's new fear: Losing the Senate in November,"""Operatives say they've reviewed polling that shows the GOP facing competitive Senate races not just in traditional battlegrounds such as Michigan, Maine and North Carolina, but also in conservative states like Alaska, Iowa and Ohio...""",neutral,Senate Elections
Liberal,GOP's new fear: Losing the Senate in November,"“Oh we don’t want to tell the president no on anything or else we’ll lose our jobs. Oh wait. Uh oh!” Good job, guys.",disapproval,Elections
Liberal,GOP's new fear: Losing the Senate in November,"Texas has a SOLID chance, too. It’s the perfect storm of the GOP nominating the WORST candidate and the Democrats nominating the best Texan candidate in at least a decade…aligned with the blue wave. Not to mention the GOP primary will almost certainly go to a run off, meaning we won’t know their actual candidate until May. I’m an optimistic Texan this year",optimism,Senate Elections
Liberal,GOP's new fear: Losing the Senate in November,VOTE and nag your liberal friends to be sure to go to the polls.,desire,Elections
Liberal,GOP's new fear: Losing the Senate in November,They should really worry more about their souls burning in eternal fire.,anger,Republican Party
Liberal,GOP's new fear: Losing the Senate in November,Don't worry the Dems will find a way to fuck it up for themselves again somehow..,annoyance,Elections
Liberal,GOP's new fear: Losing the Senate in November,Oh I can dream! Then we can send this guy packing finally 🙏,desire,Elections
Liberal,GOP's new fear: Losing the Senate in November,Bye bye bye,amusement,Senate Elections
Liberal,GOP's new fear: Losing the Senate in November,Fr,neutral,Elections
Liberal,Even Puppy Bowl is too Woke for the Republicans,"Someone should produce an alternative, christian puppy bowl. With only german shepard puppies, as God intended.",amusement,Culture Wars
Liberal,Even Puppy Bowl is too Woke for the Republicans,"The fact that they chose Kid ""*some call it statutory (rape) but I call it mandatory*"" Rock says it all - conservatives don't actually believe in anything any more except oppositional grievance.",anger,Political Ideology
Liberal,Even Puppy Bowl is too Woke for the Republicans,"Or, they could turn off the TV for a few minutes.",annoyance,Wokeness
Liberal,Even Puppy Bowl is too Woke for the Republicans,"i think ill stick to watching cartoons. I havent been interested in the superbowl since I was 11 and puppy bowl is just as boring. 

I havent even watched wrestling since Undertaker and Mankind's cage match.

this just made me realize how little I enjoy sports. I feel down right un-American right now.",realization,Not applicable
Liberal,Even Puppy Bowl is too Woke for the Republicans,"I couldn’t care less about the Super Bowl, I will have it on for Bad Bunny and commercials. Taping Puppy Bowl so I can watch that whenever I’m feeling down…looks like I’ll be watching a lot of the Puppy Bowl.",joy,Wokeness
Liberal,Even Puppy Bowl is too Woke for the Republicans,Xdd,amusement,Wokeness
Liberal,Even Puppy Bowl is too Woke for the Republicans,epstein,disapproval,Political Scandal
Liberal,"Trump shares racist video depicting Obamas as apes on Truth Social, then removes it amid bipartisan outrage","Imagine being literally too stupid to perceive, understand or process the Obamas's many wonderful qualities: integrity, eloquence, warmth, compassion, wisdom, intellectuality, kindness, diplomacy, etc. ..

and only being capable of thoughts like that! What a sad, ugly, bereft little life he must lead. Barely two-dimensional.",disapproval,Racism
Liberal,"Trump shares racist video depicting Obamas as apes on Truth Social, then removes it amid bipartisan outrage", I'm curious to know who in America still thinks this is OK ...and why THEY aren't the ones being deported. ,anger,Racism
Liberal,"Trump shares racist video depicting Obamas as apes on Truth Social, then removes it amid bipartisan outrage",The Obamas aren't in the Epstein files. ,neutral,Epstein files
Liberal,"Trump shares racist video depicting Obamas as apes on Truth Social, then removes it amid bipartisan outrage",I don't think many of us libs are surprised at how rude and terrible he can be.,disapproval,Trump
Liberal,"Trump shares racist video depicting Obamas as apes on Truth Social, then removes it amid bipartisan outrage",Trump is a asshole to anyone who disagree with them,anger,Political Conduct
Liberal,"Can we demand that ""Occupy Democrats"" follow some basic rules?",Grifting goes both ways. Avoid them.,disapproval,Political tactics
Liberal,"Can we demand that ""Occupy Democrats"" follow some basic rules?",They are toxic.,disapproval,US Politics
Liberal,"Can we demand that ""Occupy Democrats"" follow some basic rules?",Are the other two sources just as unreliable as the one you linked?,curiosity,Political media
Liberal,"Can we demand that ""Occupy Democrats"" follow some basic rules?","Here’s the fun part, the laws governing charitable contributions and such now only require 10%? 5%? Go to the purpose they are raising money for. This was created by the ultra wealthy as a way to pass on money to their heirs and such. People have been taking advantage of this ever since.",disapproval,Tax Law
Liberal,"Can we demand that ""Occupy Democrats"" follow some basic rules?","This article is 3 1/2 years old.  Is it still accurate?  Meidas Touch had some bad publicity several years ago, but I think (even though I find Ben Meiselas super boring) that they've cleaned up their act.  If what you are saying about Occupy Democrats is still true, fine, but is your Newsweek article still accurate?  I see them on YouTube and I don't see them soliciting for money.  I will admit that I don't like the ""This is what I drew you in on, and I'll get to that in a minute, but first...""  I don't like that, but it doesn't mean they are dishonest.",curiosity,Political Media
Liberal,"ICE agents can’t make warrantless arrests in Oregon unless there’s a risk of escape, US judge rules","ICE is just going to say every arrest they made had a risk of escape, and then deport them before they get a chance at a hearing with a judge anyway.",disapproval,Immigration Enforcement
Liberal,"ICE agents can’t make warrantless arrests in Oregon unless there’s a risk of escape, US judge rules",Everything's just going to be an escape risk now.,annoyance,Immigration
Liberal,"ICE agents can’t make warrantless arrests in Oregon unless there’s a risk of escape, US judge rules","What does it even mean that escape is likely? 

If they have no documentation, does it mean they have to stay in the sight of the ICE agents until someone brings them ID?",confusion,Immigration
Liberal,"ICE agents can’t make warrantless arrests in Oregon unless there’s a risk of escape, US judge rules","Mustafa Kasubhai has made his decision, now let him enforce it!",annoyance,Immigration
Liberal,"ICE agents can’t make warrantless arrests in Oregon unless there’s a risk of escape, US judge rules","Cool they gonna do it anyway, cry more. Everyone will be deported.",annoyance,Immigration
Liberal,'Sickening': Ammon Bundy slams ICE as major schism tears apart right-wing militants,We are living in interesting times and it’s creating odd bedfellows.,realization,Political dynamics
Liberal,'Sickening': Ammon Bundy slams ICE as major schism tears apart right-wing militants,Pretty bad when you've lost Ammon Bundy!,annoyance,Immigration
Liberal,'Sickening': Ammon Bundy slams ICE as major schism tears apart right-wing militants,"I mean, look, this guy is wrong about a lot of things, but he's right about this, so I'm glad he's speaking out.",approval,Immigration
Liberal,'Sickening': Ammon Bundy slams ICE as major schism tears apart right-wing militants,The wackos in this article are our neighbors. It’s a frightening time to be alive.,fear,Domestic Extremism
Liberal,'Sickening': Ammon Bundy slams ICE as major schism tears apart right-wing militants,A whole bunch of Bundys live just down the highway from me. Based on their past actions I expected this response. Unless they are gigantic hypocrites like MAGA this way the only way it could have gone.,disapproval,ICE
Liberal,'Sickening': Ammon Bundy slams ICE as major schism tears apart right-wing militants,"They're shooting the white people!  They're shooting the white gun owners!

SStephen Miller made a mistake going after a state that is about 80% white.  That is why Homan wants to tone things down: They are killing the wrong demographic.",anger,Immigration Enforcement
Liberal,'Sickening': Ammon Bundy slams ICE as major schism tears apart right-wing militants,"Damn, when Republicans lose people like Bundy I would automatically think it was because Republicans weren’t being extreme enough; this is definitely a surprise.",surprise,Immigration
Liberal,'Sickening': Ammon Bundy slams ICE as major schism tears apart right-wing militants,This one’s just weird.,confusion,Immigration Enforcement
Liberal,'Sickening': Ammon Bundy slams ICE as major schism tears apart right-wing militants,This guy is a true libertarian. Wish more of them would speak up. Hate Rand Paul but he doesn’t stray from his libertarian beliefs and occasionally it helps us.,admiration,Libertarianism
Liberal,'Sickening': Ammon Bundy slams ICE as major schism tears apart right-wing militants,This motherfucker is just pretending not to understand racism lol but he is a very powerful voice and hopefully people on the right will listen to him,disapproval,Racism
Liberal,The Death of The American Dream,The American dream was never real.,disappointment,American Dream
Liberal,The Death of The American Dream,the only way to become rich in america is to already be rich,disappointment,Economic Inequality
Liberal,The Death of The American Dream,Half of us can’t even read. That is by design.,anger,Education
Liberal,The Death of The American Dream,"The American dream is a pernicious lie. As George Carlin once said, it's called that because you have to be asleep to believe it. 

The idea that you can get rich through hard work is another lie.",disapproval,American Dream
Liberal,The Death of The American Dream,"""...true success is not measured by wealth alone.""  But of course you can't do the other things without being fed and housed, so it's a Catch-22, isn't it. 

I think the United States is in the late stages of a game of Monopoly and more and more people are being eliminated from the game at a faster rate. At some point someone is going to get upset about losing and is going to flip the board and tablet over in a fit.",disapproval,Economic Inequality
Liberal,The Death of The American Dream,Pepole that think the American dream is dead or dieing are misinformed and disenfranchised from the world. Its far from perfect no argument there. But go back to the 20s or 50s as they are remembered as golden erras. For some maby. For most it was not.,disapproval,American Dream
Liberal,The Death of The American Dream,"The American Dream is alive for those willing to go the extra mile.  

It's going to take education, risk, hard work, and some luck but it can be achieved.  It's just way harder if you grew up poor or in the middle class.  If you fail, you can also just put it on credit.  😆  If you take a photo and post it, it's real.  😆",disapproval,American Dream
Liberal,The Death of The American Dream,There has never been a better time to be an American.  I have watched my children achieve more before they are 30 than I did by 50.  The opportunity is what you make of it.  Nations don't lose ideals.  Ideals are human characteristics.  So are values.  Because the media says we are losing way doesn't mean it is so.  That is up to the collective individuals.,optimism,American Dream
Liberal,Two CBP Agents Identified in Alex Pretti Shooting - The two federal immigration agents who fired on Minneapolis protester Alex Pretti are identified in government records as Border Patrol agent Jesus Ochoa and Customs and Border Protection officer Raymundo Gutierrez.,"Uncle Toms both of them. And not skittish, untrained newbies, 8 and 12 year CBP veterans. I eagerly await the day they get their comeuppance. ",anger,Immigration Enforcement
Liberal,Two CBP Agents Identified in Alex Pretti Shooting - The two federal immigration agents who fired on Minneapolis protester Alex Pretti are identified in government records as Border Patrol agent Jesus Ochoa and Customs and Border Protection officer Raymundo Gutierrez.,[deleted],neutral,Immigration
Liberal,Two CBP Agents Identified in Alex Pretti Shooting - The two federal immigration agents who fired on Minneapolis protester Alex Pretti are identified in government records as Border Patrol agent Jesus Ochoa and Customs and Border Protection officer Raymundo Gutierrez.,So are these the violent Mexicans killing white people that ICE is protecting us from? I’m confused.,confusion,Immigration
Liberal,Two CBP Agents Identified in Alex Pretti Shooting - The two federal immigration agents who fired on Minneapolis protester Alex Pretti are identified in government records as Border Patrol agent Jesus Ochoa and Customs and Border Protection officer Raymundo Gutierrez.,"May they never again know peace, solace, or anonymity.",anger,Immigration
Liberal,Two CBP Agents Identified in Alex Pretti Shooting - The two federal immigration agents who fired on Minneapolis protester Alex Pretti are identified in government records as Border Patrol agent Jesus Ochoa and Customs and Border Protection officer Raymundo Gutierrez.,"Good grief, how many agencies overlap here?? 

And, as I’ve been screaming into the void for far too long: WHY ARE BORDER PATROL THERE? 300 miles is greater than 100 miles. They are 200 miles off course. Go back to where you came from!",anger,Immigration Enforcement
Liberal,Two CBP Agents Identified in Alex Pretti Shooting - The two federal immigration agents who fired on Minneapolis protester Alex Pretti are identified in government records as Border Patrol agent Jesus Ochoa and Customs and Border Protection officer Raymundo Gutierrez.,"Damn. Well judging by the last name, I'm sure the government will have their backs",disapproval,Immigration Enforcement
Liberal,Two CBP Agents Identified in Alex Pretti Shooting - The two federal immigration agents who fired on Minneapolis protester Alex Pretti are identified in government records as Border Patrol agent Jesus Ochoa and Customs and Border Protection officer Raymundo Gutierrez.,"This is why ""abolish ICE"" is overly simplistic. Border Patrol has a long, ugly history that is arguably worse than ICE's (but which is still bad). And it looks like they killed both Good and Pretti. Presumably these are agents who were not just hired within the last year, either. No, we need to reform all of it, top to bottom and change the way policing in general is done on this country. ",disapproval,Law enforcement reform
Liberal,Two CBP Agents Identified in Alex Pretti Shooting - The two federal immigration agents who fired on Minneapolis protester Alex Pretti are identified in government records as Border Patrol agent Jesus Ochoa and Customs and Border Protection officer Raymundo Gutierrez.,"BREAKING NEWS: TWO LATINO MEN KILL WHITE MAN IN BROAD DAYLIGHT 

MAGA: Deport them all! Wait, they're on our side?!?",amusement,Immigration
Liberal,Two CBP Agents Identified in Alex Pretti Shooting - The two federal immigration agents who fired on Minneapolis protester Alex Pretti are identified in government records as Border Patrol agent Jesus Ochoa and Customs and Border Protection officer Raymundo Gutierrez.,Traitors. ,anger,Immigration
Liberal,Two CBP Agents Identified in Alex Pretti Shooting - The two federal immigration agents who fired on Minneapolis protester Alex Pretti are identified in government records as Border Patrol agent Jesus Ochoa and Customs and Border Protection officer Raymundo Gutierrez.,"Life without parole, please.",disapproval,Immigration
Liberal,Is there any hope of ICE backing off?,"People in red states need to reach out to their reps.  There are not enough democrats to stop it (at least until the next election) but if citizens reach out to republicans on the fence, they might take action. 

Look up who represents you.  Email any Rs and try to use conservative framing about limited government, not abolish ice which is what liberals respond to.",optimism,Immigration Enforcement
Liberal,Is there any hope of ICE backing off?,"Sen Rand Paul -whom usually I only curse- was on 60 minutes tonight calling for a congressional investigation into ICE. Given he votes 99.9% of the time with Trump, for him to come out like this is pretty major. If Paul can do it, so can others. 

Tl:dr: Yes, there is always hope.",optimism,Immigration
Liberal,Is there any hope of ICE backing off?,"Nope, it’s a cancer that’ll just keep spreading",anger,Immigration
Liberal,Is there any hope of ICE backing off?,They have $170 billion. They’re not going anywhere. They will start acting more and more like Donald’s secret police force. You’ll see him deploy them to voting sites near the election. But they aren’t backing off till we abolish ICE.,anger,ICE
Liberal,Is there any hope of ICE backing off?,No. Would you ask Hitler to curb his brown shirts?,anger,Immigration
Liberal,Is there any hope of ICE backing off?,"Why? Round up the criminals, the pedos, the rapists, the murderers, the fraudsters, the thiefs, ones with warrants...get them out. Most Minnesota wants that.",annoyance,Immigration Enforcement
Liberal,Is there any hope of ICE backing off?,Probably if people self deported.,neutral,Immigration
Liberal,Is there any hope of ICE backing off?,"Have there been any cases of ice doing anything to an American citizen who wasn't actively obstructing?

Or do you believe that illegal immigrants should stay? That would be a disagreement on policy instead of a disagreement on facts.",curiosity,Immigration
Liberal,"Democrats flip Texas state Senate seat in shock upset; Fort Worth Democrat Taylor Rehmet, a machinist and Air Force veteran, defeated Southlake Republican Leigh Wambsganss","Leigh Wambsganss had been endorsed (i.e., given the kiss of death) by the orange thing.",disapproval,Elections
Liberal,"Democrats flip Texas state Senate seat in shock upset; Fort Worth Democrat Taylor Rehmet, a machinist and Air Force veteran, defeated Southlake Republican Leigh Wambsganss","And in 3..2..1.. Republicans will find a way to undo the election.


Maybe he's actually an ISIS sleeper cell. ",annoyance,Elections
Liberal,"Democrats flip Texas state Senate seat in shock upset; Fort Worth Democrat Taylor Rehmet, a machinist and Air Force veteran, defeated Southlake Republican Leigh Wambsganss",Whoa... Black Betty Wambsganss,amusement,Election Results
Liberal,"Democrats flip Texas state Senate seat in shock upset; Fort Worth Democrat Taylor Rehmet, a machinist and Air Force veteran, defeated Southlake Republican Leigh Wambsganss","Before people start getting excited let see how he votes. 

Heres one word  about DINO candidates : Fetterman.",disapproval,Elections
Liberal,"Democrats flip Texas state Senate seat in shock upset; Fort Worth Democrat Taylor Rehmet, a machinist and Air Force veteran, defeated Southlake Republican Leigh Wambsganss","Don’t get too excited. This is just a blip on the radar, a reaction in a moment in time. Texas is going to stay red and the GOP will “correct” this transgression in the going forward.",annoyance,Elections
Liberal,Liberal AND conservative beliefs?,"Bro....the whole ""liberals just hate all Christians"" narrative doesn't work when James Talarico is one of the most popular rising stars of the left.",annoyance,Religion & Politics
Liberal,Liberal AND conservative beliefs?,I used to be a liberal like you. Then I took an arrow to the knee.,amusement,Political Ideology
Liberal,Liberal AND conservative beliefs?,"We're pro *choice.* Sounds like you are, too.",approval,Abortion
Liberal,Liberal AND conservative beliefs?,"who's making you feel bad about this? nobody on the left that I know would think of this as anything but your choice to manage your body or practice your religion (assuming you're not pushing it on others).


I'm truly sorry to hear this. if this is coming from your friends... I'd recommend finding better friends.",caring,Individual Rights
Liberal,Liberal AND conservative beliefs?,"There are many liberal religious groups and you do not have to agree on every facet of a platform on any given time. 

There are powerful left wing religious figures in the history of progressive politics.",neutral,Religion and Politics
Liberal,Liberal AND conservative beliefs?,"So….. you’re pro choice? And that’s your “conservative” belief? I’m confused. 

Nobody on the left is pushing abortion as a normal family planning method. At all. We just understand that there’s a lot of reasons that safe, legal abortion access should be available, and it’s nobody’s business besides them and their doctor. 

If you agree with that, it sounds like your only conservative belief is actually a progressive one because the Right wants to ban abortion regardless of the reason, even medical necessity.",confusion,Abortion
Liberal,Liberal AND conservative beliefs?,"I still don't see how you have any conservative beliefs. You're pro choice. You believe in giving everyone a choice, and you've made your choice for yourself. That's not conservative at all.",disapproval,Abortion
Liberal,Liberal AND conservative beliefs?,"All politics is a shit show, but American politics is a whole different animal.",annoyance,US Politics
Liberal,Liberal AND conservative beliefs?,"You associate yourself with irrational and hate and you blame other people for judging you?

Yep you’re a Christian.",disapproval,Religion
Liberal,Are Republicans finally feeling the heat?,"I hear a lot of people saying ""This isn't what we voted for"" when it was exactly what they voted for.

They live in a bubble thinking the majority of Americans agree with their fascist beliefs, and now that they see a big popular pushback on all fronts, as well as the extrajudicial killings on the part of ICE, they're starting to realize that the people are not on their side. 

I predict that in five years' time, assuming the Republicans fail in their long-standing goal of turning the US into a totalitarian dictatorship, they'll be saying they never supported the orange entity.",anger,Republican Politics
Liberal,Are Republicans finally feeling the heat?,Eh I keep an eye on the conservative sub they seem pretty happy,neutral,Political parties
Liberal,Are Republicans finally feeling the heat?,"They might make a token resistance to Trump to take some of the heat off themselves, but make no mistake...if they're still calling themselves Republicans, they support all of this. They own all of this. They are fucking accountable for all of this.",anger,Republican Party
Liberal,Are Republicans finally feeling the heat?,Maybe they are starting to ask themselves if they really elected the best reality TV star for the job.,disapproval,Elections
Liberal,Are Republicans finally feeling the heat?,"At this point either they are waking up and being against this, too ashamed/unsure of how to deal with being wrong and don't know how to deal with that, or are going to continue to be pieces of shit who are OK with this.",disapproval,Political Conduct
Liberal,Are Republicans finally feeling the heat?,Fuck those people. They literally ruined our country. I am going to make them feel as bad as they should for doing this. They were on the wrong mf side of history. They can eat my ass like a gd cupcake.,anger,Republican Party
Liberal,Are Republicans finally feeling the heat?,"I’m sure many of them are upset with what they are seeing. This won’t stop them from falling in line and voting straight ticket republican during the next presidential election. 

I keep seeing talking heads talk about the economy as the main driver of votes but from the republicans I’ve spoken too, they really just buy into all the culture war shit. 

This country is terminally stupid.",disapproval,Culture War
Liberal,Are Republicans finally feeling the heat?,"If I have learned anything since 2016, that is, Republicans have no bottom line. You think they are at the rock bottom, but somehow they can find a way to sink deeper. This moment is them testing how to turn the PR around. Remember a Republican congress member calling Jan 6th rioters ""tourists""?",disapproval,Political Conduct
Liberal,Are Republicans finally feeling the heat?,"At this point I only believe it when I see it.  All the optimistic predictions, all the comforting poll numbers, all the talking heads: WRONG.

Am I jaded?  Maybe.  Do I like asking myself questions and then answer them as an annoying and clunky rhetorical device?  Definitely.",disappointment,Elections
Liberal,Are Republicans finally feeling the heat?,"Absolutely not.  Republicans continue to act with impunity because they know they are above the law.  Bank robbers that get caught, and then face no punishment, will continue to attempt to rob banks until they face some sort of punishment 

The one thing the billionaires, media, courts, and Democrats are aligned on is that no prominent Republican can ever be held accountable for any crimes. That’s the only there is universal agreement on.",anger,Rule of Law
Liberal,'Pink coat lady' who recorded fatal encounter between federal officers and Alex Pretti speaks to Anderson Cooper,"CNN has an interview out with Stella Carlson, aka ""Pink Coat Lady."" It is, for lack of a better word, devastating. I advise watching it, but be prepared. They stopped and counted the bullet holes before fleeing. It's... so damn awful.",sadness,Law Enforcement
Liberal,'Pink coat lady' who recorded fatal encounter between federal officers and Alex Pretti speaks to Anderson Cooper,"Wow! She was in the right place at a truly terrible time. I'm glad she's found the strength to come forward. She may be our new Mary Ann Vecchio and the awfulness we're living thru right now might start coming to an end. I can hope, can't I?",optimism,Law Enforcement Accountability
Liberal,'Pink coat lady' who recorded fatal encounter between federal officers and Alex Pretti speaks to Anderson Cooper,I’m super proud of her. That had to be so devastating to watch in person. To put her name and face out there is very brave.,pride,Law Enforcement
Liberal,'Pink coat lady' who recorded fatal encounter between federal officers and Alex Pretti speaks to Anderson Cooper,"Wow. This was definitely difficult to watch. I’m glad they showed the footage and slowed it down so people could see what really happened, and that DHS’ and Kristi Noem’s offensive and disgusting claims about it were completely false. Good on Stella Carlson for coming forward and giving this interview; it’s important for people around the country to understand the impact that observing and documenting has, so that other communities can learn how to protect themselves as well.",approval,Police Accountability
Liberal,'Pink coat lady' who recorded fatal encounter between federal officers and Alex Pretti speaks to Anderson Cooper,Great interview. She’s quite smart and well spoken. I hope the rest of the people who taped this speak out.,approval,Law Enforcement
Liberal,'Pink coat lady' who recorded fatal encounter between federal officers and Alex Pretti speaks to Anderson Cooper,I hope she stays safe. Its very very brave to come out against ICE on CNN.,admiration,Immigration
Liberal,'Pink coat lady' who recorded fatal encounter between federal officers and Alex Pretti speaks to Anderson Cooper,Very bold and courageous of her to do what she did. Now I'm just waiting for Trump to call her hysterical or some other sexist insult that would only make Trump look even dumber on television.,admiration,Political Commentary
Liberal,Democratic politicians should focus on getting the word out about conditions at these detention centers…,I really don't think it would matter either way. The condition of those places is a known thing. It wouldn't be enough to sway anyone. ICE's tactics themselves on the other hand might. Even a handful of Republicans have problems with ICE's methods.,disappointment,Immigration
Liberal,Democratic politicians should focus on getting the word out about conditions at these detention centers…,democratic politicians should side with workers before republican politicians succeed in turning this country into a dictatorship.,fear,Political System
Liberal,Democratic politicians should focus on getting the word out about conditions at these detention centers…,"Democratic politicians probably should have done this for Biden as well.  


[National Immigrant Justice Center Article](https://immigrantjustice.org/research/policy-brief-snapshot-of-ice-detention-inhumane-conditions-and-alarming-expansion/)",disappointment,Immigration Detention
Liberal,Democratic politicians should focus on getting the word out about conditions at these detention centers…,Are they as bad as Obama’s?,curiosity,Immigration
Liberal,Minnesota may be able to put Noem in Prison,Remember that time America was going to put Donald Trump in prison and then dragged their heels and now ICE is killing everyone?,anger,Immigration
Liberal,Minnesota may be able to put Noem in Prison,"Will never happen.  Never, ever.  They'll lawyer the fuck out of this and it will go away.",annoyance,Political Accountability
Liberal,Minnesota may be able to put Noem in Prison,Come on.  Don’t be stupid.,annoyance,Political Accountability
Liberal,Minnesota may be able to put Noem in Prison,"Law doesn't exist anymore so I wouldn't get my hopes up. She perjured herself in court and still has work. Still, Greg Bovino getting sacked makes me think there is a minor chance at best.",disappointment,Political Accountability
Liberal,Minnesota may be able to put Noem in Prison,"there is no way that anyone in Minnesota would be that stupid to try to do that case. the government is at least 20 years technologically ahead of us I'd probably say 30 or 40 years. not the layers we know about but the layers we don't know about. remember the first AI supercomputer killed somebody because they didn't think they could win in a game of chess. then you had the supercomputer/ai that won insanely on Jeopardy. with the advancements in technology what we're playing with online is nothing. I am quite sure the FBI could make a video so convincing you'd have trouble to believe that you didn't do the crime. any prosecutor that thought about trying to bring these charges would find their life ruined and it wouldn't even necessarily be the feds bringing the charges things could just randomly pop up. 

you have the people there that high in government they realize that and they're not going to let somebody that's lower down the food chain try to do this because they'd be afraid to come back and bite them in the ass as well as the tadpole. 

you may not like it but right now there ain't no way in hell that's going to happen. if they tried to make that happen I'm sure the prosecutor's office wouldn't be the only ones going down they'd find ways to bring down all the big politicians in the state as well.",fear,Government Accountability
Liberal,"All of us can see that we absolutely cannot trust trump to be honest in the deaths of Renee Good and Alex Pretti, but how the heck can we trust him in his statements that the boats he is blowing up off South America are carrying fentanyl?",We cannot trust a single thing this regime says. Any of them,disapproval,Drug Policy
Liberal,"All of us can see that we absolutely cannot trust trump to be honest in the deaths of Renee Good and Alex Pretti, but how the heck can we trust him in his statements that the boats he is blowing up off South America are carrying fentanyl?",Just assume that whatever he says is a lie.,disapproval,Drug Policy
Liberal,"All of us can see that we absolutely cannot trust trump to be honest in the deaths of Renee Good and Alex Pretti, but how the heck can we trust him in his statements that the boats he is blowing up off South America are carrying fentanyl?","how can you tell that Trump is lying?

his lips are moving.",disapproval,Trump's Honesty
Liberal,"All of us can see that we absolutely cannot trust trump to be honest in the deaths of Renee Good and Alex Pretti, but how the heck can we trust him in his statements that the boats he is blowing up off South America are carrying fentanyl?",You can't and you shouldn't. If it comes from trump it can almost be guaranteed to be a lie and/or projection.,disapproval,Trump's honesty
Liberal,"All of us can see that we absolutely cannot trust trump to be honest in the deaths of Renee Good and Alex Pretti, but how the heck can we trust him in his statements that the boats he is blowing up off South America are carrying fentanyl?","We shouldn't trust him on that. There has been no evidence of direct wrong-doing, and it's just as possible that going after ""drug-dealers"" is hitting fishermen is the same thing as when they say ICE/border patrol is going after the worst of the worst criminals -- and yet young children, the elderly, people about to become citizens, and refuges are being targeted. We have no way of knowing, and there have been demands for proof, but without Democrats in any real power at the moment, the killings involving foreign citizens elsewhere, and the executive having broad discretion with foreign affairs and national security, not much can be done on this.",anger,Foreign Policy
Liberal,"All of us can see that we absolutely cannot trust trump to be honest in the deaths of Renee Good and Alex Pretti, but how the heck can we trust him in his statements that the boats he is blowing up off South America are carrying fentanyl?",We can't.,disapproval,Drug Trafficking
Liberal,"All of us can see that we absolutely cannot trust trump to be honest in the deaths of Renee Good and Alex Pretti, but how the heck can we trust him in his statements that the boats he is blowing up off South America are carrying fentanyl?",Trump lied to get elected. He would literally say anything to get a vote and now that he has the power he is continuing to lie. He showed his true colors during his first term but America said we want more. So here we are.,disapproval,Political Honesty
Liberal,"All of us can see that we absolutely cannot trust trump to be honest in the deaths of Renee Good and Alex Pretti, but how the heck can we trust him in his statements that the boats he is blowing up off South America are carrying fentanyl?","Please contact your senators today.  You are welcome to use the letter I have posted below or create your own.  I have also created an Excel Spreadsheet of 2026 Democrat Senators containing their names, state represented, next year up for reelection, running status, open seat or no, link to official website, link to official contact form, and Washington DC office phone number.  Please let me know if you would like a copy.

 

Dear Senator,

As a US citizen and an active voter, I am writing to strongly you to refuse to vote for any appropriations bill for the Department of Homeland Security that fails to rein in ICE and Border Patrol and protect our communities and to oppose any increase in funding for Immigration and Customs Enforcement (ICE) and Customs and Border Protection (CBP) in the upcoming FY2026 DHS Appropriations Bill.

The deaths of Renee Good on January 7 and Alex Pretti on January 24 are heartbreaking examples of the consequences when federal immigration enforcement operates without adequate oversight. These incidents reflect a pattern of unchecked violence, impunity, and abuse by federal agencies that jeopardize the safety of everyday people. It is imperative that you do not stand by while ICE continues to harm communities across the nation.

As a Member of Congress, you have the authority and responsibility to curb the administration's abuse of power. I respectfully request that you act by:

1. Abolishing ICE: The persistent lack of accountability and history of abuse within ICE renders it an irredeemable agency. Prior to its creation in 2003, the United States functioned effectively without it. ICE’s actions over the past year have made the country less safe and pose a threat to both the rule of law and democracy.

2. Supporting and Strengthening the “Stop Excessive Force in Immigration Act”: Back proposed regulations that require agents to provide identification and prohibit the use of masks, ban the use of flash-bangs, rubber bullets, pepper balls, and tear gas, mandate body cameras, and ensure oversight, transparency, and comprehensive training for all agents.

If you are not yet able to support abolishing ICE at this time, I ask that, at a minimum, you:

1. Reject any FY2026 appropriations bill that increases funding for ICE or Border Patrol, including detention funds: Cutting the DHS budget will force these agencies to refocus on their essential mission of investigating and preventing genuine threats to national security. It is also worth noting that ICE has already received substantial funding through last year’s $28.7 billion supplemental appropriation, intended to be allocated over four years.

2. Refuse to vote for any appropriations bill for DHS unless it meets critical requirements:

  A. Strengthens restrictions on ICE and Border Patrol’s ability to conduct dragnet arrest operations and target people based on their race, language or accent, place of employment, or location at the time of the apprehension;

  B. Ends Border Patrol deployment to our cities and rejects its ever-expanding mandate in immigration enforcement; and

  C. Limits DHS's reprogramming and transfer authority, including specifically preventing reprogramming and transferring funds for detention. 

Every Member of Congress must insist on real limits and accountability before any funding is approved. I hope to see you standing up for the safety, dignity, and rights of all people in our communities.",disapproval,Immigration
Liberal,"All of us can see that we absolutely cannot trust trump to be honest in the deaths of Renee Good and Alex Pretti, but how the heck can we trust him in his statements that the boats he is blowing up off South America are carrying fentanyl?",It's not true until the White House denies it.,disapproval,Fentanyl
Liberal,"All of us can see that we absolutely cannot trust trump to be honest in the deaths of Renee Good and Alex Pretti, but how the heck can we trust him in his statements that the boats he is blowing up off South America are carrying fentanyl?","You're just now waking up to the fact that you can't trust anything this administration says?!? Seriously?? Literally everything Trump says is a lie. I don't think anything that comes out of his mouth is the truth, and that's not even hyperbole, he just doesn't know how to tell the truth. Listen carefully to his speeches, and really pay attention to the content, with both ears, maybe even read the transcripts if you can find one that is word for word, it's nonsensical, completely filled with lies, and I just don't know how *anyone* in their *right* mind can believe anything that comes out of that man's mouth. Literally anything.",anger,Political Honesty
Liberal,TikTok is investigating why some users can't write 'Epstein' in messages,"Tiktok is ""mysteriously"" not letting users type ""Epstein"". We used to mock the right for failing to understand social media &amp; how things were preserved by it, but them finally getting the lesson has been scary, because once they did they moved to own it all so they could control the whole message.",fear,Censorship
Liberal,TikTok is investigating why some users can't write 'Epstein' in messages,Wonder what they’ll make up. Why does anyone use TikTok. I was formerly a Chinese garbage pit and now it’s just a Trump garbage pit,disgust,Trump Politics
Liberal,TikTok is investigating why some users can't write 'Epstein' in messages,"It is well known that most Chinese social media if not all, ban words like ""Xi jingping"", ""winnie the pooh"", ""64"" and hundreds of other words the state doesn't like.

I think I have a theory as to why TikTok bans ""Epstein""...",disapproval,Censorship
Liberal,"Greg Bovino Loses His Job; The Border Patrol chief has been ousted from his role as “commander at large,” and will return to El Centro",Now arrest him.,anger,Border Security
Liberal,"Greg Bovino Loses His Job; The Border Patrol chief has been ousted from his role as “commander at large,” and will return to El Centro","If still alive, my money for a replacement would be on Hulk. Since he’s deader than shit, I’m going with Kid Rock.",amusement,Border Security
Liberal,"Greg Bovino Loses His Job; The Border Patrol chief has been ousted from his role as “commander at large,” and will return to El Centro",El Centro? That sounds like a Spanish name. Why doesn't he arrest and deport it?,amusement,Immigration
Liberal,"Greg Bovino Loses His Job; The Border Patrol chief has been ousted from his role as “commander at large,” and will return to El Centro",But.... he just got a new haircut and trench coat.,amusement,Border Patrol
Liberal,"Greg Bovino Loses His Job; The Border Patrol chief has been ousted from his role as “commander at large,” and will return to El Centro","We need to go right up the chain of command. All the way to the president, Steven Miller.",disapproval,Border Security
Liberal,"Greg Bovino Loses His Job; The Border Patrol chief has been ousted from his role as “commander at large,” and will return to El Centro",I also hear the DHS desperately trying to lie and say he wasn't fired. This is a great start. Now fire ICE completely. ,desire,Border Security
Liberal,Pam Bondi accused of trying to extort voter files in letter to Tim Walz after Minneapolis shooting,I'm looking forward to her trial and conviction.,desire,Election Integrity
Liberal,Pam Bondi accused of trying to extort voter files in letter to Tim Walz after Minneapolis shooting,"&gt; Fulfilling this common-sense request

As a gun owner, this term is a HUGE red flag. This term is only used to imply the opposition has no common sense when they oppose your bullshit. 

You don’t need to say this if your proposal is actually common sense because the common people will recognize the sensibility on their own.",annoyance,Gun Control
Liberal,Pam Bondi accused of trying to extort voter files in letter to Tim Walz after Minneapolis shooting,"They're losing the entire nation over Minneapolis so they're going to withdraw but Bondi is trying to get the last drop of blood out of them. 

They murdered two people to get voter files and terrorize all of Minneapolis? Nixon got off clean as a whistle but his AG went to prison just like I hope this idiot does.",anger,Voter data
Liberal,Pam Bondi accused of trying to extort voter files in letter to Tim Walz after Minneapolis shooting,Accused?  She offered to remove ice under the condition that sanctuary cities were removed and voter rolls were surrendered.  I feel like there’s a single word that encompasses what she is doing.,anger,Voter Rights
Liberal,Pam Bondi accused of trying to extort voter files in letter to Tim Walz after Minneapolis shooting,"Is there any question at this juncture, that the main goal in all of this DHS/ICE terrorist action, is to subvert and interfere with the fairness of upcoming elections?",anger,Elections
Liberal,Pam Bondi accused of trying to extort voter files in letter to Tim Walz after Minneapolis shooting,Trying to? It’s very damn obvious.,disapproval,Election Integrity
Liberal,Pam Bondi accused of trying to extort voter files in letter to Tim Walz after Minneapolis shooting,I don't understand this. The Minnesota Republican Party 100% has access to the statewide voterfile via NationBuilder or some other CRM.,confusion,Voter Data
Liberal,Pam Bondi accused of trying to extort voter files in letter to Tim Walz after Minneapolis shooting,Accused? The letter is concrete proof of straight up extortion. No if ands or buts about it.,disapproval,Political corruption
Liberal,Pam Bondi accused of trying to extort voter files in letter to Tim Walz after Minneapolis shooting,That’s all this was ever about,disapproval,Voter Data
Liberal,Pam Bondi accused of trying to extort voter files in letter to Tim Walz after Minneapolis shooting,"She will alter them, she is not to be trusted.",disapproval,Voter Integrity
Liberal,"Federal agents shoot person in Minnesota, governor says","Fix the headline, ICE murdered another American citizen.",anger,Immigration
Liberal,"Federal agents shoot person in Minnesota, governor says","ICE just executed a man in Minneapolis; he was on the ground being beaten, and the man beating him in the head with his gun then shot him. There is no way to argue self-defense here, this is murder.",anger,Law Enforcement
Liberal,"Federal agents shoot person in Minnesota, governor says",They dumped several rounds from multiple firearms after stepping back from him when he was laid down from the first shot.,anger,Police Brutality
Liberal,"Federal agents shoot person in Minnesota, governor says","Watching the numerous videos, there's just no way to spin it. 

But they try anyways.",annoyance,Law Enforcement
Liberal,"Federal agents shoot person in Minnesota, governor says",Why haven’t any of you mentioned the guy shot had a gun?,curiosity,Law Enforcement
Liberal,Has anyone asked the NRA for statement on the killing of Alex Pretti?,"Didn’t they already give one? They basically called for a fair investigation, and said Pretti was a law abiding and calling him otherwise was reckless",neutral,Gun Control
Liberal,Has anyone asked the NRA for statement on the killing of Alex Pretti?,"Here ya go 

https://www.msn.com/en-us/news/us/nra-makes-rare-statement-against-trump-admin-over-alex-pretti-shooting/ar-AA1UVNhj",neutral,Gun Control
Liberal,Has anyone asked the NRA for statement on the killing of Alex Pretti?,"They gave one.  It was basically, ""we support gun rights"" &amp; ""stop talking shit until you know what happened.""

The question is, what will they do with Trump's statements today basically decimating the 2nd amendment?",disapproval,Gun Rights
Liberal,Has anyone asked the NRA for statement on the killing of Alex Pretti?,"The NRA are hypocrites; you cannot take what they say in any sort of good faith. They will comment only so much to appease their single-issue whack job supporters.

"" The NRA has spoken out against “radical progressive politicians like Tim Walz,” accusing them of inciting “violence against law enforcement officers who are simply trying to do their jobs.”",disapproval,Gun Rights
Liberal,Has anyone asked the NRA for statement on the killing of Alex Pretti?,"From Democracy Now!  3 days ago

""In response to a social media post blaming Alex Pretti for his own death, the conservative National Rifle Association wrote, ""This sentiment from the First Assistant U.S. Attorney for the Central District of California is dangerous and wrong. Responsible public voices should be awaiting a full investigation, not making generalizations and demonizing law-abiding citizens.""""",disapproval,Gun Rights
Liberal,Has anyone asked the NRA for statement on the killing of Alex Pretti?,Crickets.  They are afraid to speak there mind and be ridiculed by Trump,disapproval,Gun Control
Liberal,Has anyone asked the NRA for statement on the killing of Alex Pretti?,No way. F that. I don’t really care what they have to say about anything.,annoyance,Gun Control
Liberal,Who would have thought republicans lack of religion would cause these problems?,"Conservatives like religion because the like allegiance to power.  It is not about what religion says, it is about forcing conformity.",disapproval,Religion in Politics
Liberal,Who would have thought republicans lack of religion would cause these problems?,"You don't need religion for that, just a moral compass. Decent people have one of those regardless of whether they think they're being watched by their all-powerful imaginary friend.",disapproval,Religion
Liberal,Who would have thought republicans lack of religion would cause these problems?,"The Party does not give two shits about religion beyond claiming they're ""saving Christianitu"" to garner support from the Churches that are, in reality, equal to the moneylenders their divine being kicked out of the church.",anger,Religion
Liberal,Who would have thought republicans lack of religion would cause these problems?,"What a pile of horseshit. Trump Christian’s are as Christian as anyone else. Disgusting. 

Every single action they’ve taken they can and do justify it by calling on their imaginary god’s proclamations.  

The question is why you still associate with such a despicable cult.",disgust,Religion in Politics
Liberal,Who would have thought republicans lack of religion would cause these problems?,"To control the masses, control Mass...",disapproval,Religion and Politics
Liberal,Who would have thought republicans lack of religion would cause these problems?,You might be shocked to find out this is garden variety stuff coming from governments led by allegedly devout Catholics. I'm not sure there has been a government in the entirety of human history that was claimed to be run on Christian principles that wasn't involved in political persecutions.,disapproval,Religious Persecution
Liberal,Who would have thought republicans lack of religion would cause these problems?,Nothing but a cloak like all these fake ass Christians sporting their crucifixes and crosses having to advertise that they are such good people when you personally know they are shit human beings.Actions speak louder than words.,disapproval,Religious Hypocrisy
Liberal,Who would have thought republicans lack of religion would cause these problems?,Remember when the left tried making abortion out to be the biggest single issue button during the election? I remember,annoyance,Abortion
Liberal,Who would have thought republicans lack of religion would cause these problems?,"Republicans have always been three mutually exclusive groups: big business which doesn't mix with Christianity nor cares about guns (except the manufacturers), 2nd amendment that doesn't mix with Christianity and doesn't care about big business tax cuts, and Christians who didn't mix with greed and guns.

Granted some people may fall into two of those groups, but that doesn't drive the one issue voter.",disapproval,Political Parties
Liberal,Who would have thought republicans lack of religion would cause these problems?,"You have to understand fundamentalist southern Baptists to get what’s going on. They are the bottom of the barrel types. Nag you constantly for every little infraction , But behind closed doors they are doing all the bad things. These guys run our country. They are the oath keepers, the white supremacists and rapists during the week. They dress up nice and act fine at church on sundays and swear that everyone else is going to hell. I’m so glad I got out of that cult. It’s just too bad it’s so popular.",disgust,Religious Influence
Liberal,"ICE agents drew guns on off-duty officer in Minnesota, chief says; “Immigration agents have stopped off-duty officers in Minnesota ""solely because of the color of their skin,"" a group of local police chiefs alleged”",Cops shouldn’t be speaking up only when it happens to cops.,disapproval,Immigration Enforcement
Liberal,"ICE agents drew guns on off-duty officer in Minnesota, chief says; “Immigration agents have stopped off-duty officers in Minnesota ""solely because of the color of their skin,"" a group of local police chiefs alleged”",I mean....are we waiting for an off duty officer to get shot? What happens then?,fear,Immigration Enforcement
Liberal,"ICE agents drew guns on off-duty officer in Minnesota, chief says; “Immigration agents have stopped off-duty officers in Minnesota ""solely because of the color of their skin,"" a group of local police chiefs alleged”",How are these people not being arrested?,anger,Immigration
Liberal,"ICE agents drew guns on off-duty officer in Minnesota, chief says; “Immigration agents have stopped off-duty officers in Minnesota ""solely because of the color of their skin,"" a group of local police chiefs alleged”",The leopards demand more faces!,disapproval,Racial Profiling
Liberal,"ICE agents drew guns on off-duty officer in Minnesota, chief says; “Immigration agents have stopped off-duty officers in Minnesota ""solely because of the color of their skin,"" a group of local police chiefs alleged”",...,neutral,Immigration
Liberal,Trump is much for threatening war but yet made up an injury to avoid going to Vietnam.,"All four of the Presidents we had that were eligible to serve in Vietnam did not do so.  Two Republicans, Two Democrats.


There is very little chance that anyone who served in Vietnam will ever be President now.  They have successfully aged out, with nobody on the horizon born between 1940 and 1952 being considered as a candidate now.",neutral,Vietnam War
Liberal,Trump is much for threatening war but yet made up an injury to avoid going to Vietnam.,"Of course, he wants to get his way and wants to appear tough without actually having to do the work or be in harms way. We've known this about him for a long time.",disapproval,Trump
Liberal,Trump is much for threatening war but yet made up an injury to avoid going to Vietnam.,"What I think is the worst thing about Trump is his constant business failures. For someone who claimed he was a successful businessman and would run the country the same was so transparently lying that I can’t believe it wasn’t used by democrats at every second. 

I of course know why his base couldn’t care less.",disapproval,Political Leadership
Liberal,Trump is much for threatening war but yet made up an injury to avoid going to Vietnam.,"As the song goes: ""Why they always send the poor?!""",disapproval,War
Liberal,Trump is much for threatening war but yet made up an injury to avoid going to Vietnam.,He has always been up for someone else sacrificing and him benefiting.,disapproval,Military service
Liberal,Trump is much for threatening war but yet made up an injury to avoid going to Vietnam.,Again? This is the year boys.,annoyance,Trump
Liberal,Trump is much for threatening war but yet made up an injury to avoid going to Vietnam.,"And? Loads of people ducked Vietnam, there was no reason to be there and everybody knew it. That's why actual draft dodgers who fled to Canada got pardoned by President Carter in '77. That pardon covered over 250,000 people.",annoyance,Vietnam War
Liberal,And I thought John McCain was a a**hole at one time.,"Yeah, I have mad respect for John McCain for that.  I think he was a good dude.  I wish we could get back to when politics was about things like taxes, and we could actually agree to disagree.  Now it's about things like torturing human beings.  What the hell happened?  It makes me so sad.",sadness,Torture
Liberal,And I thought John McCain was a a**hole at one time.,"It is a good lesson how our biases cloud our judgements.  Hopefully all of this nonsense stresses the importance of freedoms and human rights rather than our political squabbles.   


If we agree on some basic tenants we can create the space for people to live their best lives whether right or left.  


We will never get there holding these bias or holding those to account that don't share dedication to freedoms and human rights, though.",optimism,Human Rights
Liberal,And I thought John McCain was a a**hole at one time.,"He was a real decent man. Didn’t agree with the politics, but would’ve voted him over Trump if I had to pick a Republican.",approval,Political Figures
Liberal,And I thought John McCain was a a**hole at one time.,"Honestly I have the thought weekly of ""hell I'd take George W back at this point"" it is unreal how big of an embarrassment our government has become since Obama.",disapproval,Political Leadership
Liberal,And I thought John McCain was a a**hole at one time.,"I cannot forgive him for choosing Sarah Palin as a running mate, though.",disapproval,US Elections
Liberal,And I thought John McCain was a a**hole at one time.,"As a former Republican I used to believe that there was at the very least a common level of decency among our elected officials. I was always able to find common ground with my liberal friends and saw that same level of compromise as a way of problem solving for the greater good.

McCain was the type of Republican I would have described myself as. I simply operated under the impression that there was a mechanism for everybody to work and contribute to society and I preferred limited assistance be offered for those that couldn't or wouldn't. I was very short sighted and selfish if we're being totally honest. I didn't want anybody to suffer and I believed (incorrectly) that capitalism with all its faults still contributed to humanity through the advancement of better things. Boy was I wrong about that.

There was a strange wind blowing that started with Reagan but didn't pick up steam until the Tea Party. It became less and less about free enterprise and making sure everybody had the incentive to contribute to the economy and more about investing in systemic racism and general bigotry as a cornerstone of the party. It was no longer about the right working with the left to find common ground to achieve financial success while also taking care of those that need it the most. It was about consolidating wealth by tricking people into thinking poor people were taking their money even though they were still inexplicably poor. It took awhile but it eroded my alignment with the conservative moment and catapulted me well into liberal territory. The well meaning people like McCain were being replaced and people like McConnell continued to gain power and influence until the beast they were feeding became too much to control now here we are.

There used to be a weird balance in Washington where every bad guy had at least one or two good guys to offset their wrongdoings and the voter was savvy enough to get rid of the really bad ones. Now people seem to want the worst of the worst to win and for what? Annoy a liberal? See people suffer? There really aren't ""good ones"" anymore in the GOP. McCain might have been the last one that knew how to caucus with the other side of the aisle.",disappointment,US Politics
Liberal,And I thought John McCain was a a**hole at one time.,"Here are a few links about the incident I'm referring to:

https://abc7chicago.com/post/hes-a-decent-family-man-the-moment-mccain-defended-obama/4058948/

https://www.huffpost.com/entry/barack-obama-john-mccain-2008-campaign-donald-trump-character_n_67132609e4b0e2b6e54c1c1d",neutral,Political Campaigns
Liberal,And I thought John McCain was a a**hole at one time.,"A lot of people here don't seem to know about the Keating Five Affair (not that kind of Affair).

&gt;The Keating Five were five United States senators accused of corruption in 1989, igniting a major political scandal as part of the larger savings and loan crisis of the late 1980s and early 1990s. The five senators—Alan Cranston (Democrat of California), Dennis DeConcini (Democrat of Arizona), John Glenn (Democrat of Ohio), John McCain (Republican of Arizona), and Donald W. Riegle, Jr. (Democrat of Michigan)—were accused of improperly intervening in 1987 on behalf of Charles H. Keating, Jr., chairman of the Lincoln Savings and Loan Association, which was the target of a regulatory investigation by the Federal Home Loan Bank Board (FHLBB). The FHLBB subsequently backed off taking action against Lincoln.

&gt;

&gt;Lincoln Savings and Loan collapsed in 1989, at a cost of $3.4 billion to the federal government. Some 23,000 Lincoln bondholders were defrauded and many investors lost their life savings. The substantial political contributions Keating had made to each of the senators, totaling $1.3 million, attracted considerable public and media attention.

  
That sounds like small potatoes now, but it was quite the scandal of the day.",neutral,Political corruption
Liberal,And I thought John McCain was a a**hole at one time.,"Our political culture has gotten uniquely bad at recognizing people with opposing viewpoints can be good people.  

Sometimes they are even right (not saying this about McCain in particular), sometimes we are right, sometimes they have a different perception of risk or willingness to change things. All of these are ok. Trump is not in this camp.  He is a sociopath.",disapproval,Political discourse
Liberal,And I thought John McCain was a a**hole at one time.,"I still won’t forgive him for the cynical choice of Sarah Palin as running mate. She is a fucking hellcat we never deserved, and she helped fuel all of this shit.",disapproval,Electoral Politics
Liberal,"i know it's early morning in America, but is anyone listening to/watching Trump's speech in Davos?","The gist of the speech:

Mom, please let me have Greenland, I never ask for anything so pleeease. I've done all my chores and been extra specially good so please give me Greenland. I promise i'll never ask for anything ever again ever if you just let me have Greenland, please mom, please!

If you don't give me Greenland I'm going to scream! Then i'll set fire to the house and murder everyone in their beds. But that would all be your fault because you didn't give me Greenland",amusement,Foreign Policy
Liberal,"i know it's early morning in America, but is anyone listening to/watching Trump's speech in Davos?","""It's morning in America"" was the slogan of another doddering old fascist that I thought was my least favorite president of all time but, along came Donny.",disapproval,US Presidents
Liberal,"i know it's early morning in America, but is anyone listening to/watching Trump's speech in Davos?","Sorry, I turned the TV off when he came on.",disapproval,Trump
Liberal,"i know it's early morning in America, but is anyone listening to/watching Trump's speech in Davos?","Yes, and listening to his sloppy wet mush mouth words is making me feel queasy.  Incoherent dunderhead needs to go away.",disgust,Trump
Liberal,"i know it's early morning in America, but is anyone listening to/watching Trump's speech in Davos?","There's no need. I know what will be in it: lies, whining, and incoherent rambling.",annoyance,Trump
Liberal,"i know it's early morning in America, but is anyone listening to/watching Trump's speech in Davos?","Yes, he is insane.  I'm sorry the rest of the world has been subjected to what we all had to watch yesterday in the US.  I think they must shoot him up with prednisone before these speeches and then he just takes off rambling.",embarrassment,Trump Speech
Liberal,"i know it's early morning in America, but is anyone listening to/watching Trump's speech in Davos?","It was awful, I felt sick watching it.",disgust,Trump Speech
Liberal,"i know it's early morning in America, but is anyone listening to/watching Trump's speech in Davos?",I cannot listen or watch that man do anything.,disapproval,Donald Trump
Liberal,"i know it's early morning in America, but is anyone listening to/watching Trump's speech in Davos?",Pretty sure he's playing the hits. And the shits.,disapproval,US Politics
Liberal,"i know it's early morning in America, but is anyone listening to/watching Trump's speech in Davos?","Nah- I have someone who watched it online and gives viewers the notated version… Trump reminds me of my kids when they were toddlers, just telling stories and making stuff up, trying to stay out of trouble.",disapproval,Political Rhetoric
Liberal,Stephen Miller laying the groundwork for Trump to invoke the Insurrection Act of 1807,It will come closer to the election. But it’s going to happen. And you want to know something? I don’t think the American people are going to be all that fussed about it. Unfortunately.,sadness,Insurrection Act
Liberal,Stephen Miller laying the groundwork for Trump to invoke the Insurrection Act of 1807,"Americans will complain and march around with cardboard signs, but really, until their football and streaming entertainment are taken away, they won’t do anything.",disapproval,Government Power
Liberal,Stephen Miller laying the groundwork for Trump to invoke the Insurrection Act of 1807,"Fine, whatever. Just put the boot in already. Whatever stops the endless tide of headlines. ",annoyance,Presidential Powers
Liberal,Maryland commission recommends new congressional boundaries favoring Democrats; The redistricting advisory commission voted Tuesday to recommend a new set of congressional district boundaries that would give Democrats a better chance of winning all eight House of Representatives seats,"Awesome, let's hope more of em grow backbones",optimism,Redistricting
Liberal,Maryland commission recommends new congressional boundaries favoring Democrats; The redistricting advisory commission voted Tuesday to recommend a new set of congressional district boundaries that would give Democrats a better chance of winning all eight House of Representatives seats,This is sad and nuts.  It's necessary given the war republicans started but it needs to be stopped nationwide. ,disapproval,Redistricting
Liberal,Maryland commission recommends new congressional boundaries favoring Democrats; The redistricting advisory commission voted Tuesday to recommend a new set of congressional district boundaries that would give Democrats a better chance of winning all eight House of Representatives seats,Fine.,neutral,Redistricting
Liberal,Maryland commission recommends new congressional boundaries favoring Democrats; The redistricting advisory commission voted Tuesday to recommend a new set of congressional district boundaries that would give Democrats a better chance of winning all eight House of Representatives seats,Gerrymandering is wrong. I don’t care which state does it. Politicians should not be picking their constituents.,disapproval,Gerrymandering
Liberal,I am fucking done with MAGA. I wanted to post on facebook but no MAGA will read it (since most can’t read).,"Anyone who still supports Trump is too far gone,  really anyone who voted for him a second time.  It's a religion and you can't convince someone their ""God"" doesn't exist. Look at the conservative subreddit, no matter what Trump does/ says, even if they disagree with it, the common theme is ""Trump knows what he's doing"" ""he's playing chess while everyone else is playing checkers"" etc  

The problem is we're dealing with a literal cult,  there's no other way around it,  they'd kill their own family if Trump told them to. We gotta stop this ""united"" shit and accept there's no uniting and it's gonna be messy, democrats NEED to stop playing nice, stop trying to be morally superior and just do what needs to be done",anger,Trump Support
Liberal,I am fucking done with MAGA. I wanted to post on facebook but no MAGA will read it (since most can’t read).,"1. The stock market is following the exact same trajectory it's been on for the last decade. There is no increase in stock performance since Trump took office. So if we want to give him credit for not destroying the stock market, fine. But let's also remember the stock market is basically a measure of how well the rich are doing, not the financial health of everyday Americans.
2. Going door to door and arresting people who overstayed a work visa does NOT mean the 'border' is more secure.",disapproval,Immigration
Liberal,I am fucking done with MAGA. I wanted to post on facebook but no MAGA will read it (since most can’t read).,Who is this “we” you keep referring to. Are you implying trumpers voted for him because of all of those reasons? We know exactly trumpers voted for him - because he projects and validates their hatred of the left and progressive values.,disapproval,Political Polarization
Liberal,I am fucking done with MAGA. I wanted to post on facebook but no MAGA will read it (since most can’t read).,Perfectly stated. Thank you.,approval,MAGA
Liberal,I am fucking done with MAGA. I wanted to post on facebook but no MAGA will read it (since most can’t read).,"&gt;The stock market is doing well.

It's really not though. The US stock market fared poorly compared to the European stock market last year.",disapproval,Economy
Liberal,I am fucking done with MAGA. I wanted to post on facebook but no MAGA will read it (since most can’t read).,"&gt;I am saying innocent people don’t act like that.

Said that many many many times since 2016.",disapproval,MAGA
Liberal,I am fucking done with MAGA. I wanted to post on facebook but no MAGA will read it (since most can’t read).,"&gt; ...I’m not saying he’s guilty.

I am, because he is and it's obvious.",disapproval,MAGA
Liberal,I am fucking done with MAGA. I wanted to post on facebook but no MAGA will read it (since most can’t read).,"A little generous to say ""I'm not saying he's guilty, I'm saying innocent people don't act like that.""

I'm saying he IS guilty, because innocent people don't act like that. What other conclusion is there to draw?",disapproval,Trump
Liberal,I am fucking done with MAGA. I wanted to post on facebook but no MAGA will read it (since most can’t read).,Border is not secure and stock market is in the toilet.,disapproval,Border Security
Liberal,I am fucking done with MAGA. I wanted to post on facebook but no MAGA will read it (since most can’t read).,"Do you mind if I quote this part from you on my FB? I don't have many friends on there but I keep posting things in the hope that my parents will see and reconsider their votes (fundy christians, not MAGA, somehow deluded into thinking that GOP = biblical values because abortion)

Just this piece: ""If you supported Trump and now feel embarrassed, congratulations — that means you still have a functioning conscience. People make mistakes.

The best time to reject Trump was 2016.

The second-best time is right now.""

  
If not, it's cool. But that is the perfect length for an attention-grabbing FB post.",desire,Elections
Liberal,Stocks sell off globally as traders digest Trump message saying he wants Greenland because ‘your Country decided not to give me the Nobel’,He's going to start World War 3 over his petty narcissism.  So embarrassing to be an American right now.,anger,Foreign Policy
Liberal,Stocks sell off globally as traders digest Trump message saying he wants Greenland because ‘your Country decided not to give me the Nobel’,"What I'm curious about is: if the medical professionals I follow on social media are correct that Trump has roughly 4 months left, what will happen afterwards? Will Vance walk most of these initiatives back? Will his administration power forward, or will we get something in between (like the US sending more troops to the Greenland base, but not trying to take over the entire country)?

Basically, do we/the international community just need to try keeping the peace until Don is no longer in the White House?",curiosity,US Foreign Policy
Liberal,Stocks sell off globally as traders digest Trump message saying he wants Greenland because ‘your Country decided not to give me the Nobel’,"The EU won't need world war 3. They will isolate the USA financially and american currency will become worthless, and the rest of the world will make Americans a pariah globally.",fear,International Relations
Liberal,Does anyone else think that this whole Greenland issue is really just an attempt to box in Canada?,It's not about Canada. It's all about minerals under the rapidly melting ice caps.,neutral,Arctic resources
Liberal,Does anyone else think that this whole Greenland issue is really just an attempt to box in Canada?,"Stop getting distracted, it’s bout the files",annoyance,Geopolitics
Liberal,Does anyone else think that this whole Greenland issue is really just an attempt to box in Canada?,It’s intended to destroy NATO.,disapproval,NATO
Liberal,Does anyone else think that this whole Greenland issue is really just an attempt to box in Canada?,"I personally think you're right about Trumps expansionist foreign policy goals. I also  believe that he has this idea of expanding the US dominance over the whole of the western hemisphere. I don't know, but I wouldn't be surprised if he doesn't see himself as a modern-day  Octavian, founding a new American empire.",disapproval,US Foreign Policy
Liberal,Does anyone else think that this whole Greenland issue is really just an attempt to box in Canada?,"Nope, Putin wanted an End to NATO, Trump is handing it to him on a golden platter.",disapproval,NATO
Liberal,Does anyone else think that this whole Greenland issue is really just an attempt to box in Canada?,"I think you're approaching it from too rational a perspective. Trump is a bully. He sees something big and easy to take, so he's going to take it. He's not going to do something hard. ",disapproval,Greenland acquisition
Liberal,Does anyone else think that this whole Greenland issue is really just an attempt to box in Canada?,"No, I think this Greenland issue is between Trump, being a Russian asset, and Putin to get rid of NATO without WWWIII.  Putin has pics of Trump raping and hurting children.",disgust,NATO
Liberal,Does anyone else think that this whole Greenland issue is really just an attempt to box in Canada?,[deleted],neutral,Unknown
Liberal,Does anyone else think that this whole Greenland issue is really just an attempt to box in Canada?,"The United States has attempted to, or discussed, the purchase Greenland about 4 times since the Civil War through Eisenhower.",neutral,Territorial Acquisition
Liberal,Does anyone else think that this whole Greenland issue is really just an attempt to box in Canada?,Dude has probably only seen mercater projections and thinks Greenland is 3x bigger than it is,annoyance,Geopolitics
Liberal,DOJ vows to press charges after activists disrupt church where Minnesota ICE official is a pastor.,The congregation of that church is a bunch of hypocrites.  Probably are adherents of the white Christian Nationalist ideology.,disapproval,Christian Nationalism
Liberal,DOJ vows to press charges after activists disrupt church where Minnesota ICE official is a pastor.,Charge them with what? Being rude? What crime has been committed?,confusion,Protest
Liberal,DOJ vows to press charges after activists disrupt church where Minnesota ICE official is a pastor.,With what exactly?,confusion,Immigration
Liberal,DOJ vows to press charges after activists disrupt church where Minnesota ICE official is a pastor.,DOJ isn't following the law to release ALL of the Unredacted Epstine files. So they can calm down with the law an order bullshit.,anger,Government Accountability
Liberal,DOJ vows to press charges after activists disrupt church where Minnesota ICE official is a pastor.,"Proverbs 6:16–19 (KJV)

16 These six things doth the Lord hate: yea, seven are an abomination unto him:

17 A proud look, a lying tongue, and hands that shed innocent blood,

18 An heart that deviseth wicked imaginations, feet that be swift in running to mischief,

19 A false witness that speaketh lies, and he that soweth discord among brethren.

  
I think there is something here for all of us.",disapproval,Immigration
Liberal,"MAGA folks says I have TDS (Trump Derangement Syndrome), I say nope, I got brains. I say back to MAGA folks ""I thinks you have a severe case of OBDS (Obama/Biden Derangement Syndrome) though.""","TDS is what MAGA has. It’s another one of their projections, likely the kid graping.",disapproval,Trump
Liberal,"MAGA folks says I have TDS (Trump Derangement Syndrome), I say nope, I got brains. I say back to MAGA folks ""I thinks you have a severe case of OBDS (Obama/Biden Derangement Syndrome) though.""","It's really bizarre honestly,  once you get past the audacity and outrageousness, it's like watching a nature documentary, I'm always curious how Trump supporters will react and spin the story,  they're pretty creative and I'm legit impressed with their ability to change their opinion on a dime to continue to support Trump. 

It's unlikely you'll change any of their minds or 'win' any arguments because facts don't matter to them and when backed into a corner,  they just reduce the conversation to insults or tell you to SYBAU, I've also had them respond to well thought out and researched points ive made with: ""🤣🤣🤣"" how am I supposed to debate with emojis?",curiosity,Political Discourse
Liberal,"MAGA folks says I have TDS (Trump Derangement Syndrome), I say nope, I got brains. I say back to MAGA folks ""I thinks you have a severe case of OBDS (Obama/Biden Derangement Syndrome) though.""",I think anyone who uses the phrase TDS has TAKS (trump ass kissing syndrome),disapproval,Trump
Liberal,"MAGA folks says I have TDS (Trump Derangement Syndrome), I say nope, I got brains. I say back to MAGA folks ""I thinks you have a severe case of OBDS (Obama/Biden Derangement Syndrome) though.""","It could be said we all have TDS, the problem is MAGA sees him for who he wants to be and they love it meanwhile we see him for what he really is and it scares us.",fear,Donald Trump
Liberal,"MAGA folks says I have TDS (Trump Derangement Syndrome), I say nope, I got brains. I say back to MAGA folks ""I thinks you have a severe case of OBDS (Obama/Biden Derangement Syndrome) though.""",Ask them if you can pray for them.,annoyance,US Politics
Liberal,"MAGA folks says I have TDS (Trump Derangement Syndrome), I say nope, I got brains. I say back to MAGA folks ""I thinks you have a severe case of OBDS (Obama/Biden Derangement Syndrome) though.""","I’d argue the people that argue Canks is a man of god and very religious, was sent by god to save America, is a great businessman, is for the people and working class are truly deranged but I suppose derangement is in the eye of the beholder.",disapproval,US Politics
Liberal,"MAGA folks says I have TDS (Trump Derangement Syndrome), I say nope, I got brains. I say back to MAGA folks ""I thinks you have a severe case of OBDS (Obama/Biden Derangement Syndrome) though.""",The real issue is their Trump Divinity Syndrome,disapproval,Trump
Liberal,"MAGA folks says I have TDS (Trump Derangement Syndrome), I say nope, I got brains. I say back to MAGA folks ""I thinks you have a severe case of OBDS (Obama/Biden Derangement Syndrome) though.""",Trump really has ODS. The Nobel Prize was simply and only because Obama got one.,disapproval,US Politics
Liberal,"MAGA folks says I have TDS (Trump Derangement Syndrome), I say nope, I got brains. I say back to MAGA folks ""I thinks you have a severe case of OBDS (Obama/Biden Derangement Syndrome) though.""","I say TDS is what THEY have. Worshipping him like he did something is certainly a sign of derangement. I know how you feel about moving. Im in a red county, but at least I'm in a blue state. And fortunately more people are moving here because they want to be in a blue state, so maybe we'll flip blue eventually.",disapproval,Partisan Politics
Liberal,"MAGA folks says I have TDS (Trump Derangement Syndrome), I say nope, I got brains. I say back to MAGA folks ""I thinks you have a severe case of OBDS (Obama/Biden Derangement Syndrome) though.""",You are afflicted with ‘ critical thinking skills ‘.,approval,Political Polarization
Liberal,Justice for Keith Porter,"Thank you so much for doing this!!

I definitely will sign",gratitude,Justice
Liberal,Justice for Keith Porter,Signed!,approval,Justice System
Liberal,Justice for Keith Porter,lol. Dude was letting off an assault rifle in a residential area.  The amount of hypocrisy it takes to paint him as a victim is mind bending.,disapproval,Gun Violence
Liberal,I don't think Trump really ever understood what pardons are for...,"At this point does it really matter? Seriously. He's president and has this sole power. Unless congress actually acts to curtail his power, it's all academic. We know it's wrong, he doesn't believe that what he's doing is wrong. It's that simple.",disapproval,Presidential powers
Liberal,I don't think Trump really ever understood what pardons are for...,He fully understands what pardons are for. He just uses them the way he does everything. As a weapon. ,disapproval,Pardons
Liberal,I don't think Trump really ever understood what pardons are for...,"Trump doesn't understand much, especially since dementia began.",disapproval,Donald Trump
Liberal,I don't think Trump really ever understood what pardons are for...,Pardons for him are money schemes. I remember reading an article that found out he's selling pardons for 1-3 millions. It is so freakishly corrupt!,anger,Political Corruption
Liberal,"Majority of Americans call Trump's first year back a failure, CNN poll finds","His first term wasn't exactly a success, either. Covid gave him a great opportunity to display any ounce of leadership skill he may possess and turns out he possess none of it.",disapproval,Presidential Performance
Liberal,"Majority of Americans call Trump's first year back a failure, CNN poll finds",*Me. Expressing my shocked face.*,disapproval,Trump Presidency
Liberal,"Majority of Americans call Trump's first year back a failure, CNN poll finds",Shocker.,disapproval,Trump Presidency
Liberal,"Majority of Americans call Trump's first year back a failure, CNN poll finds",I'm always shocked and dismayed by how much support he still has. These people living under rocks?,annoyance,Donald Trump
Liberal,"Majority of Americans call Trump's first year back a failure, CNN poll finds",It's a nightmare,fear,Trump Administration
Liberal,"Majority of Americans call Trump's first year back a failure, CNN poll finds","58% said it’s been a failure. 

9/10 republican said they approve of his performance. 

SYAC",neutral,US Politics
Liberal,"Majority of Americans call Trump's first year back a failure, CNN poll finds",Like we needed a fucking poll. Look out your window and there’s a protest.,annoyance,Trump
Liberal,"Majority of Americans call Trump's first year back a failure, CNN poll finds",Well that is putting it lightly.  The monster destroyed so many lives.,anger,Donald Trump
Liberal,"Majority of Americans call Trump's first year back a failure, CNN poll finds",That's not really a surprise. Can anyone name one good thing he has done. I'm trying so hard to think of one and I honestly can't because the bad outweighs it.,disapproval,Donald Trump
Liberal,"Majority of Americans call Trump's first year back a failure, CNN poll finds",A CNN poll finds.... lol,amusement,Political Polls
Liberal,Trump should be impeached and removed for his threats against Greenland.,"""Why is congress""

You mean why are Republicans",disapproval,Impeachment
Liberal,Trump should be impeached and removed for his threats against Greenland.,"Your assessment is correct. 


Impeachment means nothing to Trump, however. He's been impeached twice now. He's also a convicted felon.


The rule of law does not matter to him.


What is another option to resist him.",disapproval,Impeachment
Liberal,Trump should be impeached and removed for his threats against Greenland.,Because corruption reigns from the supreme court through the house and stops for a visit in the senate. Billionaire's run this country. It was revealed trump wants Greenland because a billionaire told him as the ice melts expensive minerals will be for the taking. Plus new shipping routes will be exposed.,anger,Corruption
Liberal,Trump should be impeached and removed for his threats against Greenland.,"I’ve seen some of his cult just parroting his talking points “we need it for national security” and then pressed for “why” they have know answer except “I trust him he knows more than us”. 🤦‍♀️ and between Faux News and the other cultish media outlets sending the same brainwashing waves at them, these ppl truly believe that this is ok! Just like most of them still believe that ICE is really doing a great job of getting out the criminals. 

I remember when I was young and I learned about the Holocaust and the war and I said “how could the ppl allow this to happen? How could the ppl have fallen for this bs?” And now I know, I’m seeing it with my own eyes and it’s terrifying.",disapproval,Immigration
Liberal,Trump should be impeached and removed for his threats against Greenland.,"The truly remarkable part, is there is no coherent reason--strategic or otherwise--for the US to ""take"" Greenland. If this were really about security, then work with your fellow NATO nations to secure Greenland. Instead, the obvious truth is that Donald J. Trump is a deeply damaged individual who has a ""psychological"" need to process Greenland. I'm 100% convinced that one day--probably during his first term--he saw big old Greenland on a map and thought 'I want to have that...why can't I have that?' and here we are. Every member of his administration knows this is the truth. Every member of congress knows this is the truth. Yet they have to pretend there's a serious strategy behind it and that it's not completely batshit crazy. What a time to be alive!",anger,Greenland Acquisition
Liberal,Trump should be impeached and removed for his threats against Greenland.,I am curious what conservatives think about Trump taking over Greenland. Nobody can support this but do they have a plan in case he tries to make an attack?,curiosity,Foreign Policy
Liberal,Trump should be impeached and removed for his threats against Greenland.,He should be impeached for about a dozen high crimes and misdemeanors,disapproval,Impeachment
Liberal,Trump should be impeached and removed for his threats against Greenland.,There are MANY reasons he should be impeached and removed and charged. We just are living in an authoritarian nightmare where one party holds power and he is the mafia head of it.,anger,Presidential Accountability
Liberal,Trump should be impeached and removed for his threats against Greenland.,Do your job impeach him,disapproval,Impeachment
Liberal,Trump should be impeached and removed for his threats against Greenland.,"If we try to take Greenland by force, we will be at war with Europe as Greenland is a territory of the Denmark kingdom. NATO will be initiated and will cause other NATO European countries to get involved. This is a very bad idea.",disapproval,NATO
Liberal,I feel like I can no longer be friends with those in my life who are apolitical and didn't vote in the last US election.,What about lefties who didn't vote because the left wasn't lefty enough for them?,curiosity,Elections
Liberal,I feel like I can no longer be friends with those in my life who are apolitical and didn't vote in the last US election.,Birds of a feather. I would not flock with maga. Apathetic is how I describe the youth I’ve encountered who shrug their shoulders and make ignorant statements like all politicians are the same and what about that Biden?,disapproval,US Politics
Liberal,I feel like I can no longer be friends with those in my life who are apolitical and didn't vote in the last US election.,I cut these people off in 2016,disapproval,Political engagement
Liberal,I feel like I can no longer be friends with those in my life who are apolitical and didn't vote in the last US election.,"Yes. Not voting is a vote for the worst person in any election. I have only missed one (midterm) election in the 40 years I’ve been voting. 

Just think about the people who “couldn’t” vote for Al Gore, Hilary, Kamala. They are the reason for the seasons of fascism. 

I can be friendly with almost anyone but only lefties are allowed in my home.",disapproval,Electoral Participation
Liberal,I feel like I can no longer be friends with those in my life who are apolitical and didn't vote in the last US election.,Non-voters DID vote.  They gave a zero rather than a +1 or -1.  Let them know that.,disapproval,Voting
Liberal,I feel like I can no longer be friends with those in my life who are apolitical and didn't vote in the last US election.,I think those are the people you need to lean into.  They are who we need to right the ship.  The brainwashed Trumpers are mostly (not all) beyond saving and who you should cut off.,desire,Political Engagement
Liberal,I feel like I can no longer be friends with those in my life who are apolitical and didn't vote in the last US election.,I know someone at work who didn’t vote because her priest said the moral thing was to vote for neither. She’s not a close friend but very nice. Every time I see her I think about her decision not to vote and it makes me angry. I recently decided she just must not be very smart if that’s how she made her decision to sit out the election.,anger,Voting
Liberal,I feel like I can no longer be friends with those in my life who are apolitical and didn't vote in the last US election.,"i been feeling this way for 10 yrs now. I've lost family, friends and neighbors. I'm completely stymied by how our rights, particularly women's rights keep being eroded and some act like it's just another day. Apathy is killing us faster than the fascists.",anger,Women's Rights
Liberal,I feel like I can no longer be friends with those in my life who are apolitical and didn't vote in the last US election.,I have a friend who had 3 abortions years ago ( without regret) and voted Red,neutral,Abortion
Liberal,I feel like I can no longer be friends with those in my life who are apolitical and didn't vote in the last US election.,We are looking at nuclear action due to a demented orange rabid dog. Get involved.,fear,War
Liberal,"Renee Good's Shooting Was Not ""Justified.""","He didn't fear for his life.  

He lost his temper.",disapproval,Police Brutality
Liberal,"Renee Good's Shooting Was Not ""Justified.""",He's in hiding because he's a little bitch.,disapproval,Police Shooting
Liberal,"Renee Good's Shooting Was Not ""Justified.""","Sixly, ice cannot order or force a person out of a vehicle in the first place unless they have reasonable suspicion the person is undocumented.",neutral,Immigration
Liberal,"Renee Good's Shooting Was Not ""Justified.""","Everyone with a functional moral compass knows this, and saying it to the others is pointless. Those of us who know right from wrong need to take action. No one else will.",anger,Police Misconduct
Liberal,"Renee Good's Shooting Was Not ""Justified.""","I am getting tired of repeating the same facts but I fear it's falling on deaf ears with those wanting a regime so badly

Her wheels were TURNED AWAY from him

She only tried to leave/ flee when other agents tried to enter her vehicle,  a common reaction I might add

The ""agents/ officers"" escalated that situation unnecessarily and broke all kinds of protocol by positioning themselves in front of a vehicle, it's well known the general public freaks out sometimes and may try to flee/ get away from an officer, real officers are trained to deal with anxious/ afraid/ angry/disruptive individuals and are supposed to be the calm one with reasoning, their goal is for both officer and detainee to stay alive

I, as a citizen, am expected to handle the situation better,  I've almost been run over a few times while on my runs and I can guarantee others who bike/ walk/ run a lot in a city/ town have had similar experiences, I am not allowed to blow a hole in someone's head because they ""advanced their vehicle towards me"" I'm expected to use my survival extincts and jump out of the way,  a cop might charge the driver with ""fail to yield"" or something but I am guessing an execution isn't on the table",anger,Police Brutality
Liberal,"Renee Good's Shooting Was Not ""Justified.""","The reason they are protecting the ICE officer is that the killing was a feature not a bug.  They want the ICE officers to kill anyone who is a liberal, or one of the under classes (LGBTQ+).  The sooner they get past this first blatantly obvious wrongful killing the sooner the real purge can begin.",anger,Law Enforcement
Liberal,"Renee Good's Shooting Was Not ""Justified.""",Exactly. ICE and the Trump administration must think we're all stupid. They are trying to justify this murder by lying about what happened. It's obvious that the sequence of events just as you described. The video doesn't lie.,anger,ICE
Liberal,"Renee Good's Shooting Was Not ""Justified.""","As an independent who really tries to be objective, there is absolutely no way this killing is justified. Regardless of all of the interaction beforehand:

1) he is holding a cellphone to record the encounter leaving only one hand to respond to the situation
2) he clearly escalates the situation 
3) he has legal authority to force this vehicle to stop and doesn’t appear to use it 
4) if he was threatened, any reasonable person would move out of the way and then they can pursue the vehicle

But the most troubling thing of this all is the conservative ecosystem declaring this a justified shooting, which any reasonable person can see it’s not. Even if convicted at trial (long shot) he likely would be pardoned",anger,Police Accountability
Liberal,"Renee Good's Shooting Was Not ""Justified.""","This is spot on, though you missed the fact that he also called her “fucking bitch” as he watched her dead body roll away from him… That in itself may be enough to prove intent tbqh. Certainly paired with all the visual evidence, his fault and intention are crystal clear HD.

We’ve seen (or at least, the public has access to) dozens of similar events recorded from body cam footage of “lawful” use of deadly force. The reactions of the officers are typically along the lines of, “God dammit!”, “I just killed that guy”, “Why did you do that, man? You didn’t have to do that!”, “Fuck!!!”, etc. These statements display firstly, some sort of remorse and recognition of or responsibility for the situation, as well as validate and confirm the fear for one’s own life. 

With the single and immediate response of, “fucking bitch” from Jonathan Ross, there is no evidence of remorse or responsibility, no concern for her or anyone else’s safety, nor even concern for his own safety, as he does not check himself for injuries or call for a medic etc. (Why would he? He wasn’t knocked down nor his body hit in such a way that poses imminent threat of bodily injury). His colleagues don’t offer or attempt to render him aid, or even ask him if he’s okay, because it’s obvious to them that wasn’t in danger. And the the key fact—that calling someone who you’ve just shot and killed, allegedly for fear of your own life, a ”fucking bitch” does not substantiate a claim of “credible fear”, rather it is proof of contempt for the victim, even after the “threat” was neutralized. 

It’s extremely obvious. It should also be very obvious by now that he isn’t going to be found guilty of wrongful death or manslaughter, unlawful use of lethal force, certainly not first or second degree murder by the FBI investigation, and honestly is probably going to receive a presidential medal of freedom or some dumb shit like that. This should be all the evidence anyone needs that this is an authoritarian regime who’s intentions are to silence dissent by any means necessary, but of course those who have already been well brainwashed see it through an extremely warped lens and to them this event just confirms everything they’ve been told to think and believe about “the other side”.",anger,Police Accountability
Liberal,"Renee Good's Shooting Was Not ""Justified.""","It seems nothing will be done until we get that regime scraped out of the government. 

The delicious irony is that all the unemployed ICE agents won't be able to escape to Mexico or South America.",disapproval,Government
Liberal,What you are essentially talking about here is the United States going to war with NATO,MAGA will very much cheer the idea of going to war with the EU.,disapproval,International Relations
Liberal,What you are essentially talking about here is the United States going to war with NATO,"This is exactly what Putin would like to have happen. An internal war within NATO, testing its resolve and separating the US from Western Europe; is there any doubt that Trump is a Russian agent?",anger,NATO
Liberal,What you are essentially talking about here is the United States going to war with NATO,Is this how the whole rapture thing plays out?,confusion,NATO
Liberal,What you are essentially talking about here is the United States going to war with NATO,I never really considered the value in obtaining a second citizenship.  Americans will be pariahs across the globe.,fear,NATO
Liberal,What you are essentially talking about here is the United States going to war with NATO,"You know, another choice would be RELEASING THE EPSTEIN FILES.",annoyance,Epstein Files
Liberal,What you are essentially talking about here is the United States going to war with NATO,"Cool, world war",fear,NATO
Liberal,What you are essentially talking about here is the United States going to war with NATO,"By the way, USA-ians:  FOX LIED.  Greenland is NOT off the coast of Maine!",annoyance,Foreign Policy
Liberal,What you are essentially talking about here is the United States going to war with NATO,That's Hitl- err Trump's point,disapproval,NATO
Liberal,What you are essentially talking about here is the United States going to war with NATO,"Yep, sounds like he wants to start WW3.",fear,NATO
Liberal,What you are essentially talking about here is the United States going to war with NATO,"I don't understand why no one in power seems to be asking the obvious question: Trump claims Greenland is needed for strategic value. What's the strategic value? Militarily, it literally only benefits us if we go to war with Canada and Western Europe. What is he planning?",confusion,Foreign Policy
Liberal,"Everyone make sure you physically have your birth certificate so you can vote. Don't wait for summer. Check the new laws in your state, even RealID isn't proof of citizenship in many states.",In what state do you need an actual birth certificate to vote?,curiosity,Voting Rights
Liberal,"Everyone make sure you physically have your birth certificate so you can vote. Don't wait for summer. Check the new laws in your state, even RealID isn't proof of citizenship in many states.",This is for registering to vote.   I don't think any state takes a Birth Certificate as identification on election day.,neutral,Voting Rights
Liberal,"Everyone make sure you physically have your birth certificate so you can vote. Don't wait for summer. Check the new laws in your state, even RealID isn't proof of citizenship in many states.","If you have a real ID or a passport, you will be fine. If not, apply for one NOW!",caring,Voter ID Laws
Liberal,"Everyone make sure you physically have your birth certificate so you can vote. Don't wait for summer. Check the new laws in your state, even RealID isn't proof of citizenship in many states.",Apparently OP is admitting that this post is completely false as they are not responding.,disapproval,Voting Rights
Liberal,"Everyone make sure you physically have your birth certificate so you can vote. Don't wait for summer. Check the new laws in your state, even RealID isn't proof of citizenship in many states.",My birth certificate is from the UK so it wouldn't help to prove my US citizenship. This is part of why the idea of carrying a birth certificate around as ID pisses me off.,anger,Voter ID
Liberal,"Everyone make sure you physically have your birth certificate so you can vote. Don't wait for summer. Check the new laws in your state, even RealID isn't proof of citizenship in many states.","Ok, now you edited the post, but still didn't answer the question.

What state requires a birth certificate to register to vote?",annoyance,Voter ID Laws
Liberal,"Everyone make sure you physically have your birth certificate so you can vote. Don't wait for summer. Check the new laws in your state, even RealID isn't proof of citizenship in many states.",Can I use my passport?,confusion,Voter ID Laws
Liberal,"Everyone make sure you physically have your birth certificate so you can vote. Don't wait for summer. Check the new laws in your state, even RealID isn't proof of citizenship in many states.","Chat GPT says this:

States with laws that can require a birth certificate (or similar citizenship document) to register

These states have enacted proof-of-citizenship requirements that may include a birth certificate as an acceptable document:  ￼
	•	New Hampshire — Requires proof of citizenship at registration; acceptable documents include a birth certificate, passport, naturalization papers, or other reasonable documentation of U.S. citizenship.  ￼
	•	Wyoming — Requires proof of citizenship at registration; acceptable documents include passports, certified birth certificates, certificates of citizenship/naturalization, among others.  ￼

Special or limited cases
	•	Ohio — Requires proof of citizenship only if registering or updating registration at a Bureau of Motor Vehicles (BMV) facility; birth certificate may be used in that context.  ￼

Important context
	•	Louisiana has a law requiring proof of citizenship, but as of late 2025 it had not yet implemented the requirement in practice.  ￼
	•	Many other states have considered or passed proof-of-citizenship laws, but they are not currently in effect or have been blocked by courts.  ￼
	•	Almost all U.S. states do not require a birth certificate; they allow voters to register by attesting under penalty of perjury that they are U.S. citizens without submitting a document.  ￼

Bottom line

Only New Hampshire and Wyoming clearly have current laws that can require a birth certificate (among other citizenship documents) to register to vote, and Ohio’s requirement applies only in a specific setting (BMV). All other states allow registration without submitting a birth certificate.  ￼

Note (again) that AI generated this answer. 

There is a high-profile federal bill called the SAVE Act (Safeguard American Voter Eligibility Act), which would require documentary proof of citizenship to register for federal elections if it became law. At the time of the question:
	•	The SAVE Act has passed the House but is not yet law and faces legal and legislative hurdles.  ￼
	•	Had it become law, it would mean people would need to present documentation such as a birth certificate or passport in order to register for federal elections — but that is still pending.

So statements claiming “you must show a birth certificate to vote in the U.S.” are often referring to this proposed legislation, not current nationwide law.",neutral,Voter ID Laws
Liberal,"Everyone make sure you physically have your birth certificate so you can vote. Don't wait for summer. Check the new laws in your state, even RealID isn't proof of citizenship in many states.","Fyi, absentee voting is really convenient.",approval,Voting
Liberal,So who’s going to ride up and lead us? It’s time.,"It should be Obama short term, accompanied by a team of governors and members of congress. He can pave the way for a few candidates into 2028. It’s too soon to pick a new leader for the next 3 years, as it will put pressure on that person to ultimately become president and he’ll be burned up before that. Obama needs to be Captain America, assemble his Avengers. Time literally is up.",desire,Political Leadership
Liberal,So who’s going to ride up and lead us? It’s time.,Newsom with an Obama on each shoulder,desire,Political Leadership
Liberal,So who’s going to ride up and lead us? It’s time.,"We need someone to step up very very soon, if not yesterday. Gain momentum for 2028. I’ve been waiting for this since asshole got elected again. I’m not sure Kamala is the one. But I’m happy to be wrong!",desire,Presidential Election
Liberal,So who’s going to ride up and lead us? It’s time.,Whoever runs on the platform of prosecute republicans and remove the pardon completely,desire,Political accountability
Liberal,So who’s going to ride up and lead us? It’s time.,"Newsome already has.  Problem is Dems are too worried about perfection, or a women, or a minority.",disapproval,Party Politics
Liberal,So who’s going to ride up and lead us? It’s time.,Hate to say this but maybe no one.,disappointment,Leadership
Liberal,So who’s going to ride up and lead us? It’s time.,"Haha, one thinks they will be saved by a 'white' knight on a 'white' horse!  Most laughable.",amusement,Leadership
Liberal,So who’s going to ride up and lead us? It’s time.,"No. Dear God no.

No to anyone thats been part of the Democratic Leadership in the last 40 years.",disapproval,Political Leadership
Liberal,So who’s going to ride up and lead us? It’s time.,"I will. Follow me. Let’s go. Let’s do this. Need desired end state. Objectives to achieve that end state. Coordination, integration, and synchronization with other groups to maximize effects. Need a planning staff. Reporting structure. Intelligence collection and analysis. 

It’s almost like I’ve done this in combat before.",excitement,Leadership
Liberal,So who’s going to ride up and lead us? It’s time.,"Don’t worry, democrats will never win another election again  🤡",disapproval,Elections
Liberal,"Trump seeks $100bn for Venezuela oil, but Exxon boss says country 'uninvestable'",Can't wait to see hegseth tried in international court once this joke of an administration is finally ousted.,anger,US Politics
Liberal,"Trump seeks $100bn for Venezuela oil, but Exxon boss says country 'uninvestable'",Trump can’t even sell oil. How????? Oh yeah hes an idiot.,disapproval,Venezuela Oil
Liberal,"Trump seeks $100bn for Venezuela oil, but Exxon boss says country 'uninvestable'",If he talked with the oil companies before the invasion as he claims I’m sure he was told the country is too unstable to make large investments. I’m sure he didn’t listen or believe them because it contradicted his predetermined idea.,disapproval,Venezuela Oil
Liberal,"Trump seeks $100bn for Venezuela oil, but Exxon boss says country 'uninvestable'",Some real art of the deal stuff,amusement,Venezuela Oil
Liberal,"Trump seeks $100bn for Venezuela oil, but Exxon boss says country 'uninvestable'","Venezuela nationalised their oil and confiscated Big Oil’s investments, equipment, etc — twice bitten, 3x shy",disapproval,Oil Nationalization
Liberal,"Trump seeks $100bn for Venezuela oil, but Exxon boss says country 'uninvestable'",So Trump is trying to sell Venezuela’s oil as though it were his oil?,confusion,Venezuela Oil
Liberal,"Trump seeks $100bn for Venezuela oil, but Exxon boss says country 'uninvestable'",Yet another reason to go electric.,optimism,Energy Policy
Liberal,"Trump seeks $100bn for Venezuela oil, but Exxon boss says country 'uninvestable'",The oil is sludge like thick molasses and  too expensive and labor intensive to refine. Of course the oil companies aren't interested. And now they are going to make him have a temper tantrum.,annoyance,Energy Policy
Liberal,It's Time to Abolish the Republican Party,"Agreed, but I would add for electing and supporting Trump",disapproval,Republican Party
Liberal,It's Time to Abolish the Republican Party,"I've been hearing about the ""end of the Republican party"" for over twenty years. Its just not gonna happen.",neutral,Political Parties
Liberal,It's Time to Abolish the Republican Party,"Jan 6th should have been when this point was taken seriously. 

Trump is the logical conclusion of a party’s descent that went from Nixon to Reagan to Bush. 

The party with the alleged ideology of valuing slow, gradual change and cautious policies has seen its leaders veer all over the map - regime change! Managed democracy! No more forever wars! Hooray for the EPA! Down with the EPA! Tariffs for none! Tariffs for all! - all in the space of about 60 years. 

And it’s culminated in a president whose actions wouldn’t be surprising from a tin-pot politician in some banana republic.

Conservative though deserves a better vessel.",disapproval,Republican Party
Liberal,It's Time to Abolish the Republican Party,"After WWII, the allies de-Nazified Germany. They removed anyone with party affiliation from positions of power and authority in both the private and public sectors. The US used that model to de-Ba'ath Iraq after removing Saddam Hussein. The US needs to do the same with the GOP. The US won't survive if they are permitted to run things. As for how we can do it.......... I'm not sure.",anger,Republican Party
Liberal,It's Time to Abolish the Republican Party,“Inflicting incredible damage on the country” Dude it’s worldwide damage. People have died because of it. And now they are trying to take over other countries and bomb them. We have innocent citizens being arrested and disappeared. Consequences. Apply the laws on the books with real prison time not just vote them out of office.,anger,Political Accountability
Liberal,It's Time to Abolish the Republican Party,"You’re proposing winning a civil war. The Republican Party isn’t powered by the politicians, it’s powered by the people behind it.",disapproval,Political Parties
Liberal,It's Time to Abolish the Republican Party,"The Republicans party already is mostly gone. Everything they stood for has been dissolved and replaced by the MAGA Party.

- Limited Government: The government has never had more control over its people than it does now. 
- Lower Taxes: The rich have gotten plenty of this but the average Americans small tax cuts have been offset by tariffs and other things raising their costs to live. 
- Fiscal Responsibility: This administration's two terms have ballooned out the debt more than any other.
- Free Market Capitalism: This administration has interfered with the free market more than any other in modern history. 
- Strong National Defense: They think raising the military budget is all that's needed and have basically destroyed our relationship with our allies. 
- Personal Responsibility: To them this only applies to Democrats and lower class people. 
- Law and Order: They are now the most corrupt administration in modern history. 

The only Republican value they still uphold is Social Conservatism, which IMO they only hold on to because that's how they took over the Republican party, by mutating and twisting nuanced social concerns into single issue votes.

The Republican party is dead. It's now MAGA vs Democrats.",disapproval,Republican Party
Liberal,It's Time to Abolish the Republican Party,You left in 2024? Better late than never but I’d argue it’s hopeless if it took you that long.,disapproval,Republican Party
Liberal,It's Time to Abolish the Republican Party,Left in 2016 because I could see the shitshow coming. Never in my wildest dreams did I believe millions of Americans would be so stupid and it would get this scary. What the fuck.,fear,Political Climate
Liberal,It's Time to Abolish the Republican Party,This sounds to me a whole lot like what trump says about the Democratic Party. It makes the left look just as authoritarian as the right really is. Drop this rhetoric.,disapproval,Political Rhetoric
Liberal,ICE agent shooter’s own cellphone video undercuts Trump administration's account of Minneapolis killing,"Not according to any MAGA. They are CONVINCED (as Trump's admin intended) that he was struck by the honda. 

Weird how someone being hit by a SUV never drops his phone.",disapproval,Law Enforcement
Liberal,ICE agent shooter’s own cellphone video undercuts Trump administration's account of Minneapolis killing,"Just a reminder for everyone to hold onto in the coming days. Vance, Noem, and Trump are terrorists in charge of a country wide domestic terrorism organization. They murdered an innocent, unarmed mother of 3 for existing in her own neighborhood. Orphaned a small child who was also the son of a veteran.
It was an execution because the gestapo pig wanted to assert dominance. The video shows it clear as day. She was no aggressor and he came out of nowhere at a run to shoot her, she fled for her life.
And now Vance and Noem are not only not admitting culpability of the psychotic behavior of their terror organization, but DEFENDING it and attempting character assassination of a woman who by all accounts was a sweet community minded artist and mother who kept to herself unless she was helping others in her village.

These people are a fucking disgrace and they should be held accountable for their heinous terrorist crimes. If not now, as soon as this administration no longer has power.",anger,ICE Accountability
Liberal,ICE agent shooter’s own cellphone video undercuts Trump administration's account of Minneapolis killing,The bastard actually released this willingly thinking it would validate his murdering ways. Sick.,anger,Immigration Enforcement
Liberal,ICE agent shooter’s own cellphone video undercuts Trump administration's account of Minneapolis killing,So Jonathan Ross did see Renee steering all the way to the right (in the 3rd picture) but shot her in the head anyway. That's MURDER.,anger,ICE
Liberal,ICE agent shooter’s own cellphone video undercuts Trump administration's account of Minneapolis killing,Not according to the Fox News commentary…,annoyance,Law Enforcement
Liberal,ICE shooting live updates: Cellphone video from ICE officer shows fatal Minneapolis shooting,"Well the fact that he called her a fucking bitch after he shot her does not bode well for public opinion. I don't think she was looking forward when she put it into drive and he shot her, I think she was more distracted by the person trying to enter her vehicle and that's why she took off.",disapproval,Immigration Enforcement
Liberal,ICE shooting live updates: Cellphone video from ICE officer shows fatal Minneapolis shooting,"I'm getting really, really goddamned fucking tired of trying to behave civilly to people who would cheer if I got shot in the face.",anger,Immigration Enforcement
Liberal,ICE shooting live updates: Cellphone video from ICE officer shows fatal Minneapolis shooting,Idk why he was filming like that but I’m glad he was. More videos = more evidence,optimism,Immigration Enforcement
Liberal,ICE shooting live updates: Cellphone video from ICE officer shows fatal Minneapolis shooting,He was clearly emotionally affected by his interactions with both Renee and her partner.,neutral,Immigration
Liberal,ICE shooting live updates: Cellphone video from ICE officer shows fatal Minneapolis shooting,So part of his training is how to record cell phone video while firing?,disapproval,ICE
Liberal,ICE shooting live updates: Cellphone video from ICE officer shows fatal Minneapolis shooting,really just shows she was going around and then he stepped in front of the car,neutral,ICE
Liberal,ICE shooting live updates: Cellphone video from ICE officer shows fatal Minneapolis shooting,"If you ever need proof that the media gives a fuck about facts, and actually encourages ""both sides"" nonsense, this is from the DOJ website:

&gt;Firearms may not be discharged solely to disable moving vehicles. Specifically, firearms may not be discharged at a moving vehicle unless: (1) a person in the vehicle is threatening the officer or another person with deadly force by means other than the vehicle; or (2) the vehicle is operated in a manner that threatens to cause death or serious physical injury to the officer or others, and no other objectively reasonable means of defense appear to exist, which includes moving out of the path of the vehicle. Firearms may not be discharged from a moving vehicle except in exigent circumstances. In these situations, an officer must have an articulable reason for this use of deadly force.

See for yourself. [DOJ website - Use of Deadly Force](https://www.justice.gov/jm/1-16000-department-justice-policy-use-force#1-16.200)

Right here, it would be germane to mention this to viewers, as it shows 100% that there can BE no Rorschach Test about this. Jonathan Ross did not follow DOJ policy regarding deadly force. This cannot be disputed based on documents from the government itself. It's a murder.",anger,Police Brutality
Liberal,ICE shooting live updates: Cellphone video from ICE officer shows fatal Minneapolis shooting,I can't believe they feel like this shows the shooter in a better light.,disapproval,Immigration
Liberal,ICE shooting live updates: Cellphone video from ICE officer shows fatal Minneapolis shooting,He was distracted by his phone in the middle of an encounter with the public.,disapproval,Law Enforcement
Liberal,Star Tribune identifies ICE agent who fatally shot woman in Minneapolis,"&gt; “He acted according to his training,” Tricia McLaughlin, assistant secretary of the Department of Homeland Security, told the Minnesota Star Tribune

Exactly. Trained to kill anyone that threatens Trumps agenda. 

Seems easy now for the cops to arrest him and get him convicted of murder which conveniently can’t be pardoned by Trump.",anger,ICE
Liberal,Star Tribune identifies ICE agent who fatally shot woman in Minneapolis,Violently murdered.,anger,ICE
Liberal,Star Tribune identifies ICE agent who fatally shot woman in Minneapolis,He’s a fucking coward covering his face he’s not fucking tough at all,anger,ICE
Liberal,Star Tribune identifies ICE agent who fatally shot woman in Minneapolis,[deleted],neutral,ICE
Liberal,Star Tribune identifies ICE agent who fatally shot woman in Minneapolis,This is a hoot because Kristi Noem gave him up when she said the same officer was in a situation 6 months earlier.  From there the public just had to follow the public record of it to get his name . I'm still laughing!!,amusement,Immigration
Liberal,Star Tribune identifies ICE agent who fatally shot woman in Minneapolis,Jonathan Ross,neutral,Immigration
Liberal,Star Tribune identifies ICE agent who fatally shot woman in Minneapolis,This is what a real patriot looks like. Absolute chad. Protecting his country and the interests of Americans against liberal hogs.,approval,Immigration
Liberal,Don't let him rewrite history,"Hey, I have a strange request. I'm a conservative, and while I don't want to cause any drama,I'd really like to have an honest discussion with a liberal. What I've noticed is that the media seems to do their best to divide us, but I really think we can find some common ground. Let me know if anyone is interested! Hope everyone has a good day",optimism,Political Polarization
Liberal,Don't let him rewrite history,"I'd mostly like to really talk about stuff that looks so different to each side,stuff that seems to be split based on what party you're in if that makes sense",curiosity,Political Polarization
Liberal,Don't let him rewrite history,"For some reason I can't see the replies except for my notifications and emails, I can't see them on this thread so I can't directly respond. 
   As far as taxes,my opinion is property tax should be abolished, we shouldn't have to pay taxes on everything like we have to. If we would stop sending so much money overseas our taxes could go down quite a bit. 
    As far as gay/trans. I'm a devout Christian and totally against it but I don't hate them or anything, it just goes against the Bible teaching. We believe in loving people but not their sin. 
   As far as guns go we see what happens when there's certain buildings that have no gun signs, school and mall shootings usually occur where there's no guns allowed which means only the criminals have guns. And if government takes away guns it often leads to tyranny and communism. 
    As far as Healthcare, I think it's all about trying to make as money as possible from poor people and if the drug companies pay enough they can get about any drug legal even if it's bad for the people.
   Long paragraph lol. But most of these are just my opinions and I would really like to hear from any of you on any of these subjects. 
    I think it's great that we can have a  debate, it's when people get so mad at each other that they can't even have a civil discussion that we as a country fall apart (just another one of my opinions lol)
  I'm happy to hear from anyone that wants to comment! Thanks everyone",curiosity,Multiple Issues
Liberal,"Mark Kelly: I'm never going back down from these guys. I'm going continue to speak out. I'm going continue to do my job. And as much as I can, highlight how wrong these people are and how outrageous this is.","I hope thousands of Americans are contacting their congressional representatives and specifically saying “DO NOT INVADE GREENLAND OR ANY OTHER COUNTRY” - for geez sake

I want to live long enough to see my grandkids grow up",fear,Military Intervention
Liberal,"Mark Kelly: I'm never going back down from these guys. I'm going continue to speak out. I'm going continue to do my job. And as much as I can, highlight how wrong these people are and how outrageous this is.",[ Removed by Reddit ],neutral,Undetermined
Liberal,"Mark Kelly: I'm never going back down from these guys. I'm going continue to speak out. I'm going continue to do my job. And as much as I can, highlight how wrong these people are and how outrageous this is.",Let’s get the ticket plan for 2028 going and get a platform of reforms broadcast to the nation. Dems need to change their playbook,desire,Electoral Strategy
Liberal,"Mark Kelly: I'm never going back down from these guys. I'm going continue to speak out. I'm going continue to do my job. And as much as I can, highlight how wrong these people are and how outrageous this is.",This guy has my vote for any office he wishes to pursue.,approval,Elections
Liberal,"Mark Kelly: I'm never going back down from these guys. I'm going continue to speak out. I'm going continue to do my job. And as much as I can, highlight how wrong these people are and how outrageous this is.","If anybody is willing, could you all please help me get #MarkKellyforPresident trending (help show him that he has support for a run).",desire,Presidential Election
Liberal,"Mark Kelly: I'm never going back down from these guys. I'm going continue to speak out. I'm going continue to do my job. And as much as I can, highlight how wrong these people are and how outrageous this is.","People need to march in Washington. 

But half of the americans will only do it when they'll see the consequences of their actions but usually that'd be already too late. 

People need a reality check.",disapproval,Civic engagement
Liberal,"Mark Kelly: I'm never going back down from these guys. I'm going continue to speak out. I'm going continue to do my job. And as much as I can, highlight how wrong these people are and how outrageous this is.",True American Hero!,admiration,Political Stance
Liberal,"Mark Kelly: I'm never going back down from these guys. I'm going continue to speak out. I'm going continue to do my job. And as much as I can, highlight how wrong these people are and how outrageous this is.",Thank you Mark! You kept your integrity! It's not up for grabs to the highest bidder! !,gratitude,Political Integrity
Liberal,"Mark Kelly: I'm never going back down from these guys. I'm going continue to speak out. I'm going continue to do my job. And as much as I can, highlight how wrong these people are and how outrageous this is.",A real man is standing up to them.,admiration,Political Stance
Liberal,"Mark Kelly: I'm never going back down from these guys. I'm going continue to speak out. I'm going continue to do my job. And as much as I can, highlight how wrong these people are and how outrageous this is.",Mark is a real American Hero,admiration,Political Stance
Liberal,"If Maduro deserved to be removed for criminality, so does Trump.",Totally agreed. Trump is an embarrassment and a criminally deranged piece of 💩,disapproval,US Politics
Liberal,"If Maduro deserved to be removed for criminality, so does Trump.",Yeah the irony isnt lost that a president who illegally held onto power got removed and is being taken to trial by a president convicted of election interference who ran for president to avoid being held accountable for that conviction and many more serious election interference crimes,disapproval,Election Interference
Liberal,"If Maduro deserved to be removed for criminality, so does Trump.",[deleted],neutral,None
Liberal,"If Maduro deserved to be removed for criminality, so does Trump.",They BOTH deserve the same fate as Saddam Hussein or Muammar Gaddafi!,anger,Political Accountability
Liberal,"If Maduro deserved to be removed for criminality, so does Trump.",Einstein Award 🥉,approval,Political Accountability
Liberal,"If Maduro deserved to be removed for criminality, so does Trump.",Ya but no matter what idiots are going to defend him anyways,annoyance,Trump
Liberal,"If Maduro deserved to be removed for criminality, so does Trump.","Just need 60 votes in the Senate to convict (assuming Ds take the House in Nov.).

Too bad there won't be 60 Senators to vote to convict.....",disappointment,Impeachment
Liberal,"If Maduro deserved to be removed for criminality, so does Trump.",Yep,approval,Political Accountability
Liberal,"If Maduro deserved to be removed for criminality, so does Trump.",Only problem is majorly of the country voted for this,disapproval,US Presidency
Liberal,Mark Kelly: Four generations of my family have served our country. Service is in my blood. The President wouldn’t know anything about that.,"Mark Kelly definitely has my vote. He and Gabby are the real deal.

Walz seems like a good guy and if he earns the nomination I will happily vote for him, but between the two there's no choice in my mind.",approval,Elections
Liberal,Mark Kelly: Four generations of my family have served our country. Service is in my blood. The President wouldn’t know anything about that.,We looking at a Newsome Kelly ticket or a Kelly Newsome ticket? Darkhorse waltz actually stepping down because he intends to run for congress?,curiosity,Elections
Liberal,Mark Kelly: Four generations of my family have served our country. Service is in my blood. The President wouldn’t know anything about that.,"This is being done not to quiet Kelly but to silence other retired service members.  Kelly doesn't need the money involved and his service speaks for it's self.  This is meant to silence those that rely on their pension checks to make ends meet.  If you call out the administration, then we will punish you for exercising you First Amendment rights.  This is a Mob boss and his lieutenants running this country....nothing less and nothing more!",anger,Free Speech
Liberal,Mark Kelly: Four generations of my family have served our country. Service is in my blood. The President wouldn’t know anything about that.,Kelly might be the most American politican.,approval,Political figures
Liberal,Mark Kelly: Four generations of my family have served our country. Service is in my blood. The President wouldn’t know anything about that.,"Mark Kelly joined the Navy and fought for our country. He later ran for US Senate in Arizona, and was elected.",neutral,Political Figures
Liberal,Mark Kelly: Four generations of my family have served our country. Service is in my blood. The President wouldn’t know anything about that.,"Wow!  This is the kind of leader the country needs.  Fucking rapist, con-man, insurrectionist should be in prison where he belongs.  I can't believe anybody in America prefers Orange Adolf to a guy like Kelly.",anger,US Politics
Liberal,Mark Kelly: Four generations of my family have served our country. Service is in my blood. The President wouldn’t know anything about that.,What an insult it would be for this man to be censured and demoted by a former Fox news host.,disapproval,US Politics
Liberal,Mark Kelly: Four generations of my family have served our country. Service is in my blood. The President wouldn’t know anything about that.,"My grandfather and father each served…in WWII and Vietnam. I got sidelined by a TBI, and I respect and honor the brave men and women who do serve. Thank you for your service. 🇺🇸",gratitude,Military Service
Liberal,Mark Kelly: Four generations of my family have served our country. Service is in my blood. The President wouldn’t know anything about that.,I think Mark Kelly could whoop Cheeto's ass,amusement,Political figures
Liberal,Mark Kelly: Four generations of my family have served our country. Service is in my blood. The President wouldn’t know anything about that.,2028 this guy,approval,Elections
Liberal,Protests erupt worldwide against US operation in Venezuela,"I’m ashamed it’s taken this long, especially in the US.  We should’ve started pressuring the government long ago as soon as they started the boat attacks.   We are the only ones that can hold the monster we created to account.",disapproval,US Intervention
Liberal,Protests erupt worldwide against US operation in Venezuela,"Other than opposing everything Trump does on principle, I don’t understand why we would oppose capturing Maduro.

The best argument I can think of was that it was highly risky and borderline reckless. Maduro could have evaded capture, or been accidentally killed, American soldiers could have died, etc. But conditional on the mission success, it’s not s bad outcome.

Do we think we should send Maduro back?",confusion,Venezuela
Liberal,Protests erupt worldwide against US operation in Venezuela,I have a MAGA co-worker and he told me this morning that he thought the raid was a terrible idea that will do more to hurt the US,neutral,US Foreign Policy
Liberal,Protests erupt worldwide against US operation in Venezuela,"One of the only good thing's trump has done, I'm glad he did this even if it was just for the oil which we all know is true.",approval,Venezuela
Liberal,"Eric Swalwell: Trump couldn't run a casino, and now he's going to run a country in South America while we watch as he fails to run a country in North America?","When we said ""No kings"" we did not mean to step it up to emperor.",disapproval,Authoritarianism
Liberal,"Eric Swalwell: Trump couldn't run a casino, and now he's going to run a country in South America while we watch as he fails to run a country in North America?",[removed],neutral,No content
Liberal,"Eric Swalwell: Trump couldn't run a casino, and now he's going to run a country in South America while we watch as he fails to run a country in North America?",This is the guy who actually talked about nuking Americans who didn't want to give up their rights.,disapproval,US Politics
Liberal,"Eric Swalwell: Trump couldn't run a casino, and now he's going to run a country in South America while we watch as he fails to run a country in North America?",[removed],neutral,No content
Liberal,"Mark Kelly: ...dropping bombs or toppling a leader doesn’t guarantee democracy, stability or make Americans safer. More often, it leads to chaos or drags the US into a war and lengthy occupation. I don’t trust that this administration has a plan, timeline, or price tag for what comes next.","Exactly. 
It’s really a shame. Another generation consigned to a foreign policy that will entangle the country for years. Enriching only the few companies directly involved in the confiscated resources. While the citizens drone on, go to work, pay your taxes. Nothing to see here.",disappointment,Foreign Policy
Liberal,"Mark Kelly: ...dropping bombs or toppling a leader doesn’t guarantee democracy, stability or make Americans safer. More often, it leads to chaos or drags the US into a war and lengthy occupation. I don’t trust that this administration has a plan, timeline, or price tag for what comes next.","What utter bull shit! Draft dodger trump is engaging in such frighteningly actions to bolster his ratings. 

This is the a-hole who promised no new wars, etc.

 This will also encourage China to follow suit and take over Taiwan. trump's actions are very similar to Russia's cruel invasion of Ukraine.",anger,US Foreign Policy
Liberal,"Mark Kelly: ...dropping bombs or toppling a leader doesn’t guarantee democracy, stability or make Americans safer. More often, it leads to chaos or drags the US into a war and lengthy occupation. I don’t trust that this administration has a plan, timeline, or price tag for what comes next.","Think he’ll give back his FIFA peace prize?

Or take his name off ""Trump Institute of Peace""?",disapproval,Foreign Policy
Liberal,"Mark Kelly: ...dropping bombs or toppling a leader doesn’t guarantee democracy, stability or make Americans safer. More often, it leads to chaos or drags the US into a war and lengthy occupation. I don’t trust that this administration has a plan, timeline, or price tag for what comes next.",Impeach him already!,disapproval,Foreign Policy
Liberal,"Mark Kelly: ...dropping bombs or toppling a leader doesn’t guarantee democracy, stability or make Americans safer. More often, it leads to chaos or drags the US into a war and lengthy occupation. I don’t trust that this administration has a plan, timeline, or price tag for what comes next.","Trump can hardly think beyond his next diet coke, and Hesgeth beyond what drink he will be having this weekend -",disapproval,Leadership
Liberal,"Mark Kelly: ...dropping bombs or toppling a leader doesn’t guarantee democracy, stability or make Americans safer. More often, it leads to chaos or drags the US into a war and lengthy occupation. I don’t trust that this administration has a plan, timeline, or price tag for what comes next.",What the fuck i love Venezuelan dictators now.  ,disapproval,Foreign Policy
Liberal,"Mark Kelly: ...dropping bombs or toppling a leader doesn’t guarantee democracy, stability or make Americans safer. More often, it leads to chaos or drags the US into a war and lengthy occupation. I don’t trust that this administration has a plan, timeline, or price tag for what comes next.","The only thing that will make the country peaceful is to bribe the whole government to not try and fuck it up. 
Bring in food for the people. 

Give them jobs

You could turn them into modern slaves, they'd be happy for having food on the table. That's how fucked up famine is.",disgust,Humanitarian Aid
Liberal,"Mark Kelly: ...dropping bombs or toppling a leader doesn’t guarantee democracy, stability or make Americans safer. More often, it leads to chaos or drags the US into a war and lengthy occupation. I don’t trust that this administration has a plan, timeline, or price tag for what comes next.","If it's anything like Afghanistan, he will negotiate an exit with anti American rebels to happen within weeks of the next administration taking over. Then draw down the forces to a point where the next administration has to chose between a chaotic exit or increase the number of troops in the country so that the democrat will be blamed for rhe war.",disapproval,Military Withdrawal
Liberal,Invading Venezuela,[deleted],neutral,Venezuela
Liberal,Invading Venezuela,[deleted],neutral,Venezuela
Liberal,Invading Venezuela,"Yes, Venezuelan government sucks and they have sucked for a long time. That said, we have a terrible record of fixing things in other countries. I don't see how this time would go any better.",disapproval,Foreign Intervention
Liberal,Invading Venezuela,This is not about helping Venezuela. This is about acquiring its oil reserves. Full stop. ,disapproval,Venezuela
Liberal,Invading Venezuela,"“it’s hard to get medicine, food, and they link the downfall to their country to its current government.”

You’re describing the United States.",disapproval,Government Performance
Liberal,Invading Venezuela,"If Venezuela wants positive change it needs to come from Venezuelans own efforts.  If the US tries to install a puppet government, things will only go downhill.  Look at what the US did, breaking Iraqi and Afghan society and leaving things yet worse than they started.   So many deaths and for what?  Oil.  That’s all this is, too.  Oil.",disapproval,Military Intervention
Liberal,Invading Venezuela,"The ends do not justify the means. Trump ILLEGALLY pushed this invasion, ILLEGALLY kidnapped the leader of a sovereign nation (as horrible or illegitimate as they may be), illegally struck several civilian vessels in the ocean as well as stealing multiple oil tankers, not to mention the civilians killed in last night's bombing raid. It doesn't matter how bad Maduro was, Trump is breaking every international law and creating dark precedent as he does it. This isn't a Hallmark movie, there isn't some happy ending where everyone hugs because the ""bad"" guy is gone. Just think for 2 seconds.",disapproval,Venezuela Intervention
Liberal,Invading Venezuela,"Read the book Bitter Fruit. Covers what happened when the US did this in Guatemala. Its not a perfect comparison, as the last Venzuelan election was definitely not conducted up to international standards for free and fair. But the greater point is that US has been doing this in LATAM for decades. Never to actually help the people living in LATAM, but just to further their own interests whether that be corporate interests, extraction of resources, expanded influence in the hemisphere, or icing out other nations, most usually Cuba. The US under Trump does this at the same time they have gutted foreign aid and cracked down on asylum. Venezuela is a mess, and that isn't all Trump's fault by any means, but doing this further destabilizes the country and the US is not going to do anything to help those that have been and will continue to suffer. Hell I wouldn't be surprised if they start shipping every Venzuelan without a green card back very shortly.",disapproval,Foreign Intervention
Liberal,Invading Venezuela,"I don't think the most Americans have an issue with helping a country that is in need, although we can be so patriarchal about it.  

The problem that those of us who are familiar with the constitution and the three branches of government have, is that this was a lone decision and not one that went through Congress .  Congress has the only constitutional power to declare war on another country.

Capturing their current leader is an act of war.  DJT was acting alone and without the consent of Congress.",disapproval,War Powers
Liberal,Invading Venezuela,Trying to justify the kidnapping of a foreign leader as a humanitarian act is absurd.,disapproval,Foreign Policy
Liberal,Could the invasion of Venezuela start WW III?,"To what end? None of those countries give a shit about Venezuela. None of those countries would benefit from starting a global conflict. Unlike our president, they know unnecessary war and fighting over oil is a drain on a countries resources. Those countries are all actively engaging in cyber espionage to make the US lose influence with a whimper, not a bang.",disapproval,Foreign Policy
Liberal,Could the invasion of Venezuela start WW III?,"I don’t think so. I feel like China now has a green light to invade Taiwan, Russia will get even more hands-off treatment from the US, and now the US has a little “side project”.

I wish we didn’t live in such interesting times, that’s for certain.",fear,Geopolitics
Liberal,Could the invasion of Venezuela start WW III?,Has any of them even spoken out against the US in this issue,curiosity,US Foreign Policy
Liberal,Could the invasion of Venezuela start WW III?,"Venezuela pays China for loans with its gas.  So China might have something to say in the coming days.

Trump regime is talking about not stopping with Venezuela:  Mexico, Columbia, Cuba have been mentioned today",fear,Military Intervention
Liberal,Could the invasion of Venezuela start WW III?,"What this does is give China and others a green light to invade their neighbors. In Particular Taiwan.  

Looking at the people Trump has in key positions in the military they are all wanting to go to war with China. So I would speculate that China will see the Venezuela thing and think the US will stand aside. But they won’t and then we get a full out war between nuclear powers. WW3 here we come.",fear,Geopolitical Conflict
Liberal,Could the invasion of Venezuela start WW III?,"Cuba probably feels some insecurity over this.  I think by invading Venezuela, China could say that's an excuse for them to invade Taiwan.  I'm wondering which will be the 51st state, Venezuela, Mexico, Canada or Greenland?",curiosity,Geopolitics
Liberal,Could the invasion of Venezuela start WW III?,"I'm pretty sure other countries, regardless of who they are allied with now, are going to have a huge problem with the United States taking over the largest oil reserve in the world (which is exactly what he's doing). Not just Russia and China but OPEC countries, etc.  so yes I think it's possible",fear,Venezuela Invasion
Liberal,Could the invasion of Venezuela start WW III?,"Not WWIII, but a war nonetheless. Trump will need to send troops to control the oil fields. However, cartel paramilitaries will fight for them. There's no winning a counter insurgency war in the jungle.",disapproval,Military Intervention
Liberal,Could the invasion of Venezuela start WW III?,"Anything could, depending on the precieved need of any party at the time and the resulting actions based on treaties and alliances.",neutral,International Relations
Liberal,Could the invasion of Venezuela start WW III?,"I think it highly unlikely. China is focused on an economic take over of the world, not a military one, and Russia can’t even handle Ukraine",neutral,Geopolitics
Liberal,"Trump was ‘most culpable’ for Jan 6 riot and would have been convicted in court, Jack Smith told Congress in newly released testimony","Of course. But the senate and congress and scotus are all corrupt and allowed it, justice will never be served,",anger,Government corruption
Liberal,"Trump was ‘most culpable’ for Jan 6 riot and would have been convicted in court, Jack Smith told Congress in newly released testimony",We don't need Jack Smith to tell us that.  That a single person voted for someone who incited a coup is mind-boggling.,disapproval,January 6th
Liberal,"Trump was ‘most culpable’ for Jan 6 riot and would have been convicted in court, Jack Smith told Congress in newly released testimony","Anyone who is skeptical of his involvement should ask where his motorcade was going during the riot.

There are testimonies that he was forcing the driver to go to the Capital building but they turned around. I don't think that matters.

He got in his car to go to the Capital building. Why? If he was not involved, where would he be going that is more important?",disapproval,Jan 6 Riot
Liberal,"Trump was ‘most culpable’ for Jan 6 riot and would have been convicted in court, Jack Smith told Congress in newly released testimony","Terrific.  But in this Bizarro World timeline we're living in, he's POTUS again.",disappointment,Presidential Election
Liberal,"Trump was ‘most culpable’ for Jan 6 riot and would have been convicted in court, Jack Smith told Congress in newly released testimony",The fact that the secret service did not remove Trump to a safe location during the January 6 attack tells you  exactly who was directing the attack.,disapproval,January 6th Attack
Liberal,"Trump was ‘most culpable’ for Jan 6 riot and would have been convicted in court, Jack Smith told Congress in newly released testimony","Clearly, politics trumped the law.",disapproval,Jan 6 Investigation
Liberal,"Trump was ‘most culpable’ for Jan 6 riot and would have been convicted in court, Jack Smith told Congress in newly released testimony",Of course.,approval,January 6th
Liberal,Walz on frozen federal child care payments: ‘This is Trump’s long game’,"Were there people taking advantage of the system?  Yes, absolutely.  Was it a collaboration between them and the democrats? No lol.  

Scammers are gonna scam, that’s unavoidable.  Look at Trump.  He’s scammed billions from so many people it’s impossible to track",disapproval,Political Corruption
Liberal,Walz on frozen federal child care payments: ‘This is Trump’s long game’,Prediction. We will never hear anything else about this once it's discovered that this is a huge nothing Burger.,annoyance,Child Care
Liberal,Walz on frozen federal child care payments: ‘This is Trump’s long game’,This is ONLY to punish Tim Walz for being a VP candidate. NM that thousands of.poor families will be affected. It's just icing on the cake.,anger,Child Care Payments
Liberal,Walz on frozen federal child care payments: ‘This is Trump’s long game’,Trump doesn’t have a life expectancy compatible with having a long game,annoyance,Child Care
Liberal,Walz on frozen federal child care payments: ‘This is Trump’s long game’,I actually think this a valid response considering the scale of the fraud. At least temporarily while it is investigated. It is pretty clear that local enforcement was lacking,approval,Child care fraud
Liberal,Marjorie Taylor Greene Says Trump Worried His Friends Would 'Get Hurt' Over Epstein Claims,Trump doesn’t have friends. He has conspirators.,disapproval,Donald Trump
Liberal,Marjorie Taylor Greene Says Trump Worried His Friends Would 'Get Hurt' Over Epstein Claims,Wouldn't get hurt if you weren't on the files.,disapproval,Epstein Scandal
Liberal,Marjorie Taylor Greene Says Trump Worried His Friends Would 'Get Hurt' Over Epstein Claims,Particularly his very *best* BFF: *himself*.,disapproval,Epstein Claims
Liberal,Marjorie Taylor Greene Says Trump Worried His Friends Would 'Get Hurt' Over Epstein Claims,BREAKING NEWS: Large Marge admits Donny T defends Pedos.,disapproval,Political Scandal
Liberal,Marjorie Taylor Greene Says Trump Worried His Friends Would 'Get Hurt' Over Epstein Claims,rare RARE majorie taylor green W,approval,Marjorie Taylor Greene
Liberal,The ‘Trump-class’ battleship faces a large obstacle in its way: Reality,Battleships have been rendered obselete since the british sank multiple italian  battleships in ww2 using carriers which directly  inspired pearl harbour.,neutral,Donald Trump
Liberal,The ‘Trump-class’ battleship faces a large obstacle in its way: Reality,"He calls them battleships because he’s incapable of comprehending the concept of a guided missile destroyer. He’s ignorant concerning history, so he’s unaware that battleships were superseded by aircraft carriers as a naval platform 80 years ago.",disapproval,Donald Trump
Liberal,The ‘Trump-class’ battleship faces a large obstacle in its way: Reality,"Just like the Trump smartphone, the Trump steaks, the Trump University... The grift that keeps on grifting",disapproval,Donald Trump
Liberal,The ‘Trump-class’ battleship faces a large obstacle in its way: Reality,They can’t find enough orange paint,amusement,Trump
Liberal,The ‘Trump-class’ battleship faces a large obstacle in its way: Reality,"Not surprising. Trump himself never faced facts or reality 😂. 

I figure people in defense reporting to him made stuff up to keep him happy.",disapproval,Donald Trump
Liberal,The ‘Trump-class’ battleship faces a large obstacle in its way: Reality,Whatever happened to reopening Alcatraz?,disapproval,Trump
Liberal,The ‘Trump-class’ battleship faces a large obstacle in its way: Reality,Everything the orange taint stain touches turns to chit,disgust,Donald Trump
Liberal,The ‘Trump-class’ battleship faces a large obstacle in its way: Reality,That’s never stopped him before,annoyance,Donald Trump
Liberal,The ‘Trump-class’ battleship faces a large obstacle in its way: Reality,"So, was he inspired while watching a WW II documentary or movie, while golfing with a WW II Navy Veteran who was sharing battle stories, had a dream about one-upping (in his mind) Kim Jong Un's new Choe Hyon-class destroyers, or while playing with model battleships in his bubble bath?",amusement,Military
Liberal,The ‘Trump-class’ battleship faces a large obstacle in its way: Reality,Isn't that the theme of his politics?,disapproval,Trump
Liberal,US Coast Guard unable to seize Venezuela-linked tanker until backup arrives,So we need more pirate ships to keep pirating?,annoyance,Maritime Security
Liberal,US Coast Guard unable to seize Venezuela-linked tanker until backup arrives,Then leave it all alone.,annoyance,Foreign Policy
Liberal,US Coast Guard unable to seize Venezuela-linked tanker until backup arrives,I thought Trump was owned by Putin?? Why is he blocking the communists oil??,confusion,Foreign Policy
Liberal,US Coast Guard unable to seize Venezuela-linked tanker until backup arrives,just then random Chinese warship appears..,surprise,International Relations
Liberal,US Coast Guard unable to seize Venezuela-linked tanker until backup arrives,"Hey, i can't post here because i don't have karma so i'm just gonna say on this post because it's the first post i saw

Liberals, have a happy holiday.

I might be a conservative and you guys are liberals but at the end, we're human and the majority of us are trying to do good.",caring,Political Differences
Liberal,Epstein Said Trump Shared Love of Young Girls in Apparent Suicide Note,Disgusting is the Republicans knew it all this time and continue to protect pedophiles anyways to this day.,disgust,Political corruption
Liberal,Epstein Said Trump Shared Love of Young Girls in Apparent Suicide Note,Of course he did. It’s true.,disapproval,Political Scandal
Liberal,Epstein Said Trump Shared Love of Young Girls in Apparent Suicide Note,Pretty creepy that the only basis of their friendship was raping children.,disgust,Child Abuse
Liberal,Epstein Said Trump Shared Love of Young Girls in Apparent Suicide Note,WAS it suicide?,curiosity,Epstein Scandal
Liberal,Epstein Said Trump Shared Love of Young Girls in Apparent Suicide Note,I grow weary of this timeline. I would like off this ride please.,disgust,Political Scandal
Liberal,Epstein Said Trump Shared Love of Young Girls in Apparent Suicide Note,"Several days ago, the FBI said this wasn't real. They cited the postmark date was after he died, it was sent from a location other than where he was, and it didn't have a correct prisoner number, which is required of outgoing mail.

This is the hallmark of Steve Bannon: create a document that looks real at first, and then after careful analysis is determined to be fake, casting doubt on a case that is otherwise pretty tight.",disapproval,Political Scandal
Liberal,Epstein Said Trump Shared Love of Young Girls in Apparent Suicide Note,"Welp, that's a fake note, and this is all propaganda,.. we all saw the assassin 😂 flung back to the matrix you are 🌌",disapproval,Conspiracy Theory
Liberal,Epstein Said Trump Shared Love of Young Girls in Apparent Suicide Note,"It's fake, mailed from Virginia 3 days after Epstein died in New York and improperly addressed for inmate mail. It's in the FBI report on the document that was also released.",neutral,Political Scandal
Liberal,Epstein Said Trump Shared Love of Young Girls in Apparent Suicide Note,The only thing I’ll give Epstein credit for is his pettiness til his last breath ,amusement,Epstein Scandal
Liberal,Epstein Said Trump Shared Love of Young Girls in Apparent Suicide Note,This is just a huge Malcom in the middle reboot op,amusement,Sexual Abuse
Liberal,Jim Beam Shutters Main Distillery For 2026 As Sales Falter Due To Trump Trade War,The Golden Age of America is apparently American legacy brands failing.,disappointment,Trade War
Liberal,Jim Beam Shutters Main Distillery For 2026 As Sales Falter Due To Trump Trade War,Where is the fucking booze lobby NOW?,anger,Trade War
Liberal,Jim Beam Shutters Main Distillery For 2026 As Sales Falter Due To Trump Trade War,"This is not true. They are closing it for benign reasons and moving operation elsewhere temporarily. With all the real horrible stuff going on, there’s no need to make stuff up.",annoyance,Trade War
Liberal,Question about healthcare,"The more people in society are healthy, the more they are able to contribute. Because different people have different occupations and a variety of occupations are necessary for society to function, it is in the interest of everyone that other people are healthy and therefore it's useful for the individual to pay taxes which fund healthcare for everyone.",neutral,Healthcare
Liberal,Question about healthcare,"If you want to gauge just how bad our society is on this subject, make the same post on Truth Social or a reddit forum for conservatives.  The responses should educate you as to the giant divide in this country on this topic.  Note that same divide exists for treating LBGTQ people as equals, providing abortion as a choice to women, and many other liberal agendas to make the least among us as least more dignified.  Good luck.",disapproval,Social Issues
Liberal,Question about healthcare,"Unfortunately, healthcare is a human right almost everywhere in the developed world EXCEPT the United States. You can thank Republicans for that, of course. Democrats have been trying to make it so for decades.",disappointment,Healthcare
Liberal,Question about healthcare,"It's the secret part of our systemically racist society where ""hard working taxpayers"" is a dog whistle to indicate  white people ""formerly landowners or settlers"" in colonial times. So it's a ploy to make racists think white people would be paying taxes to give Healthcare to poc or immigrants who by their logic are ""lazy"" criminals "" etc. Heather Cox Richardson is a wonderful historican who explains much of this in her newsletters and her books.",disapproval,Healthcare
Liberal,Question about healthcare,"To be honest, when people say reasons why they are against universal healthcare, it almost always comes down to a misunderstanding on their part of how healthcare is funded in the US currently as it is… we still end up paying for the healthcare of uninsured and underinsured people.. it also becomes more expensive because instead of preventive care being provided, as people can afford a regular checkup, people wait until things get bad then go into the ED or urgent care, which leads to more expensive care.",neutral,Healthcare
Liberal,Question about healthcare,"A different framing of thinking about this:

Whether or not, philosophically, health care is a ""human right"", when you compare countries like the US where it's not treated as one vs. other rich countries (all the rest of them) where it is, the countries that treat it as a human right pretty universally have the following outcomes:

Universal care ends up with people living 3-6 years longer than they do as a result of what the US does.

Universal care ends up with lower maternal mortality.

University care ends up with lower infant mortality.

AND, what does that all cost the taxpayers?    Well, total health care spending in those countries is \*less\* in those countries than what it is in the US.  The closest competitor pays a third less per person than the US and for a lot of countries the total cost ends up being closer to half that of the US.  As a taxpayer, I don't really care whether what I have to pay ends up being paid as taxes or bills from the providers, what I do care about is paying half as much, or at least something less than the ridiculous sums I pay here in the US.

In short, the idea that taxpayer concerns are at odds with countries treating healthcare as a right is horse hockey, because in practice the results we see in the real world demonstrate the opposite.",disapproval,Healthcare
Liberal,Question about healthcare,For profit Healthcare is immoral.,disapproval,Healthcare
Liberal,Question about healthcare,"As a libertarian my most pissed off point would be that an inept government is / would be handling it. Not to mention health insurance companies can jack up the price if they know the government is footing the bill. 

Plus I don’t want peoples health care to be dictated by the fickle whims of our governmental body.

Edit: To be clear hate insurance companies, at least health wise, I do not believe that they should exist.",anger,Healthcare
Liberal,Question about healthcare,"We spend more per year than any other country and yet we have the worst health outcomes. I agree with absolutely nothing that this current administration has as a goal. But honestly, if you want people having kids, why would you destabilize and destroy healthcare?

 I expect Medicaid to be eliminated this year. And that will impact healthcare for everyone. Then I'm seeing more and more people who intend to let their insurance lapse because the ACA subsidies are ending. I mentioned to my resident last week I'm not sure how people are going to be getting healthcare with everything in shambles. And he said they won't. That's the point. 

Sorry if this seems all over the place. I'm in perimenopause and woke up before 4 AM. But I'm very frustrated at the very real consequences of destabilizing health care and the insurance industry. As someone who will literally die without healthcare, I feel pretty invested in seeing a more equitable system of healthcare delivery and better health outcomes.",anger,Healthcare
Liberal,Question about healthcare,"Amirite here? I think I read the other day that to keep the ACA going, it would have cost the average taxpayer 18 cents a day to support the subsidies. That's about $5.47 a month. I think we Americans could handle that.",approval,Healthcare
Liberal,Anyone watching the address? This is insane.,I'd personally rather throw my TV out of the window.,anger,Political Speech
Liberal,Anyone watching the address? This is insane.,The only sound I want to hear out of his mouth is his last exhale.,anger,Political Figure
Liberal,Anyone watching the address? This is insane.,How do our friends and family ignore their own eyes when they go to the gas station or grocery store?,annoyance,Inflation
Liberal,Anyone watching the address? This is insane.,Every fact checkers head is currently exploding.,disapproval,Political Speech
Liberal,Anyone watching the address? This is insane.,"I had to turn it off, the firehose of lies is just too maddening.",anger,Political Speech
Liberal,Anyone watching the address? This is insane.,"Either they gave him a shit ton of Adderall tonight, or this is AI manipulated. It’s like a compilation of things he has said at rallies that got a good crowd reaction. And maybe I’m crazy, but his hands looked bigger when they weren’t hidden behind the podium.",confusion,Political Address
Liberal,Anyone watching the address? This is insane.,He is insane,disapproval,Politics
Liberal,Anyone watching the address? This is insane.,Be furious with his supporters. They enable this insanity.,anger,Political discourse
Liberal,Anyone watching the address? This is insane.,"Not really. I don't pay attention to anything he says, cause it'll always be the same shit.",annoyance,Political Speech
Liberal,Anyone watching the address? This is insane.,No.  I’d rather get a catheter with a fucking ice pick.,disgust,Political Address
Liberal,Shocking! Johnson won’t hold vote on extending ACA subsidies,"I’m shocked!! But not really. 

Democrats need to line up, resist the infighting (which there is plenty blame to pass around) and lean into the Republicans not keeping their promises. The message needs to be loud and clear. Put this failure on the Republican Party where it belongs.

Stay on message!!!",disapproval,Healthcare
Liberal,Shocking! Johnson won’t hold vote on extending ACA subsidies,Why did we end the shutdown again?!?!,annoyance,Healthcare
Liberal,Shocking! Johnson won’t hold vote on extending ACA subsidies,POS Republican.,anger,Healthcare
Liberal,Shocking! Johnson won’t hold vote on extending ACA subsidies,"The only upside to this is that the vote didn't overcome the filibuster in the Senate, so the only people who would have benefitted from a House vote are the House Republicans who wanted to show their constituents that they act in their best interests. So it's a self-inflicted wound for the Republicans.",disapproval,ACA
Liberal,Shocking! Johnson won’t hold vote on extending ACA subsidies,Throw his ass out!,anger,Healthcare
Liberal,Trump Blasts Rob Reiner as Having 'Trump Derangement Syndrome',Trump is the most irredeemable piece of garbage on the planet.,disgust,Donald Trump
Liberal,Trump Blasts Rob Reiner as Having 'Trump Derangement Syndrome',"So much for 'bringing down the temperature'.

I get a laugh at all the right-wingers posting about, ""See this is how you respectfully post about someone dying you don't agree with!""  Go look on the unsanitized conservative forums that aren't on reddit (if I mentioned them specifically my comment would be deleted), and see how much they're cheering Trump on for this remark.  

Personally, I don't give a fuck.  It's obvious, we fucking hate each other...  Let's stop standing on ceremony and own up to it.

I know I'll be having a grand celebration when Trump kicks the bucket, and I'll be the first to line up to piss on his grave.",anger,Political Polarization
Liberal,Trump Blasts Rob Reiner as Having 'Trump Derangement Syndrome',WTF. He was just murdered. Have some fucking grace Ffs,anger,Trump
Liberal,Trump Blasts Rob Reiner as Having 'Trump Derangement Syndrome',God he manages to stoop lower and lower every day. What a piece of shit,disgust,Trump
Liberal,Trump Blasts Rob Reiner as Having 'Trump Derangement Syndrome',Blasts…JFC,annoyance,Political Rhetoric
Liberal,Trump Blasts Rob Reiner as Having 'Trump Derangement Syndrome',Americans should be ashamed that their country is being run by a piece of shit sociopath.  What a fucking disgrace.,anger,Political Leadership
Liberal,Trump Blasts Rob Reiner as Having 'Trump Derangement Syndrome',"There are no words at all for how abhorrent his comments were today for Rob Reiner. 

I knew the man wasn't human... but...",disgust,Trump's Rhetoric
Liberal,Trump Blasts Rob Reiner as Having 'Trump Derangement Syndrome',If I behaved like this at work I’d be fired immediately. I just don’t understand.,disapproval,Trump
Liberal,Trump Blasts Rob Reiner as Having 'Trump Derangement Syndrome',"This was about as terrible of a statement that he could have made. Mr. Reiner’s death seems to be tied to his child and drug addiction and not politics. Even if it was tied to politics, it’s still a horrible message. I don’t disagree with some of Trumps policies, but I know as a person, he’s just not a good man. When it comes to running the country, I really don’t care, we’ve had plenty of Presidents who were not good people. What we haven’t had, was a President send out messages like the one he sent out about Rob Reiner. I’m not a big fan of Trump to begin with, but that message is the part of Trump I absolutely can’t stand the most. It embodies the narcissism that all Presidents have (You have to be a narcissist to be President), but previous Presidents had a practiced way of hiding and curbing that narcissism that Trump doesn’t have. Once in a while it comes off funny, but a lot of the time it just doesn’t, then there’s times like this when it just comes off as disgusting. 

It would have been so easy to put out a short message stating that Rob Reiner and his wife’s murder was a tragedy and that his thoughts are with their families. Short, simple, no controversy. Instead he goes into “super Trump” mode and spews out that garbage message. It’s indefensible. I’m not a member of any political party and I can’t really classify myself as Liberal or Conservative, but what I am, is human. Anyone that tries to defend that message or write it off as not being a big deal, needs to take a hard look at themselves. I have a high tolerance before I get angry at any message and Trump blew way past that.

Rob Reiners murder was a horrible tragedy and even more so if it was his son that’s responsible. I don’t care about his politics now, they have nothing to do with what happened. All I see now is two families being ripped apart and thrown into turmoil, experiencing pain I can’t imagine, and my heart goes out to all of them.",disgust,Trump's Rhetoric
Liberal,Trump Blasts Rob Reiner as Having 'Trump Derangement Syndrome',"Not presidential at all. Not even remotely, as I read elsewhere just say "" We are sorry to hear of his passing, thoughts and prayers go out to his family, and friends"".

That's it. 

Donnie I know trolling is your default but FFS grow up.",disapproval,Presidential conduct
Liberal,White House’s Leavitt keeps arguing with reporters. Her real fight is with reality.,"This chick is so out of touch, lies about everything and is an idiot on top of it. What a loser.",anger,Government
Liberal,White House’s Leavitt keeps arguing with reporters. Her real fight is with reality.,"I really wish the media would stop giving constant liars attention. If the Whitehouse has become an unreliable narrator, it shouldn't get to continue being the narrator.",disapproval,Media and government
Liberal,"I think intense liberal protest culture is bad for America and is kinda cringy, what do you think about it?","If you think all MLK achieved was done through ""empathy and directed articulate speech"" then you probably saw 1 of his speeches on YouTube and don't know a single other thing about him or the civil rights movement.",disapproval,Civil Rights
Liberal,"I think intense liberal protest culture is bad for America and is kinda cringy, what do you think about it?","Your privilege is showing. 

Fascists don't care about hippies sitting in drum circles singing kumbaya. Your whole ""be polite protestors!"" shows just how little skin you have in the game and how little you understand the very real threats oir country is facing. I'm genuinely happy for you, that you can believe the content of your post. You should be grateful that there are people who understand how resistance actually works.",disapproval,Political Protest
Liberal,"I think intense liberal protest culture is bad for America and is kinda cringy, what do you think about it?","Every major movement has also faced pearl clutching and ""not like that""-ism just like you.",disapproval,Protest Culture
Liberal,"I think intense liberal protest culture is bad for America and is kinda cringy, what do you think about it?","Wrong. The pearl-clutching about protesting the ""right"" way is utter bullshit. Liberals told MLK, Jr. the same thing. I don't care who it pisses off; it is a righteous cause. ",anger,Protest
Liberal,"I think intense liberal protest culture is bad for America and is kinda cringy, what do you think about it?","So you want people to gather for a speech, and then disburse, leaving those perpetrating injustice to do whatever they want?

How exactly do you think MLK would protest this? Because when he was protesting for Civil Rights, he was arrested multiple times. So how do you suppose he get himself arrested this time?",disapproval,Protest
Liberal,"I think intense liberal protest culture is bad for America and is kinda cringy, what do you think about it?","The civil rights movement was seen far worse by most Americans than stuff like BLM or current anti ICE protests. Like white Americans seriously hated MLK and civil rights activists, MLK barely did better than George freaking Wallace for least respected. Just a quarter of white Americans approved of him in ‘66. And yet it was a massively successful movement and MLK is now seen overwhelmingly positively. Worries about how protests look could use a historical eye to see how nothing is ever good enough for those who aren’t at risk, but fighting for what’s right can beat those odds anyway.",realization,Protest Movements
Liberal,"I think intense liberal protest culture is bad for America and is kinda cringy, what do you think about it?","I’m sorry that people fearful for their fellow citizens are protesting with emotion makes you feel threatened. 

Guess it’s working.",approval,Protests
Liberal,"I think intense liberal protest culture is bad for America and is kinda cringy, what do you think about it?","It’s incredible that you’ve lived a life privileged enough that you think all we need to root out fascism is well thought out talking points. I’m so happy for you that you’ve not had to learn these lessons the hard way. Can you point to me a single time when completely peaceful protest has actually enacted wide spread change. 

Peaceful protest can only work if who you’re protesting against has a conscious. These people are ghouls and monsters willing to step on the necks of their fellow man. Fascism is a violent ideology and the only language it understands is violence. 

I think the protests aren’t violent *enough* we’re literally watching as people are being black bagged and deported to countries they’ve never been to.",anger,Anti-Fascism
Liberal,"I think intense liberal protest culture is bad for America and is kinda cringy, what do you think about it?","I think you have taken leave of your senses. These are people who casually toss a tear gas grenade into a vehicle with a teenage girl and an infant. These are people who will snatch up someone with no criminal record whatsoever, knowing they will end up at a torture facility in El Salvadore.

Screaming at them is not remotely akin to a stranger coming up to you in the grocery store and yelling at you. You are attempting to equate the listener, a presumably well-meaning and harmless ordinary person, with masked and armed agents of the state who are committing daily atrocities. 

I find that disingenuous in the extreme.",anger,State Violence
Liberal,"I think intense liberal protest culture is bad for America and is kinda cringy, what do you think about it?","wow, just wow.  I am dumbfounded by this take.  What exactly are YOU doing to lead the charge?",surprise,Protest Culture
Liberal,"U.S. seizes oil tanker off the coast of Venezuela, Trump says","We are officially a pirate nation, as Trump says the U.S. has just up and seized a Venezuelan oil tanker.

From the article:

`“As you probably know, we’ve just seized a tanker on the coast of Venezuela,” Trump said. “Large tanker, very large, largest one ever seized actually.”`

`Trump did not provide details on the seizure but said that it was an “interesting day.” He also hinted that more news would be released, including photos, but did not offer a specific timeline.`

`“You’ll discuss that with the appropriate people later on,” Trump said. “But no, it was seized for a very good reason.”`

What an idiot.",disapproval,US-Venezuela Relations
Liberal,"U.S. seizes oil tanker off the coast of Venezuela, Trump says",So I guess we are just robbing poorer nations now; kinda matches our internal economic system.,disapproval,Economic Sanctions
Liberal,"U.S. seizes oil tanker off the coast of Venezuela, Trump says","When asked about the oil he also said ""I guess we get to keep it.""",neutral,Foreign Policy
Liberal,"U.S. seizes oil tanker off the coast of Venezuela, Trump says",I heard the oil was going to be used to make fentanyl and that would be used to manufacture Liberal voters.,amusement,Partisan Politics
Liberal,"U.S. seizes oil tanker off the coast of Venezuela, Trump says","so, we're pirates now...  wonderful",disapproval,Foreign Policy
Liberal,"U.S. seizes oil tanker off the coast of Venezuela, Trump says",Do any on the right realize there is ZERO public support for a war in Venezuela? At least Bush gave us a reach around in his propaganda in leading up to invading Iraq.,anger,Foreign Policy
Liberal,"U.S. seizes oil tanker off the coast of Venezuela, Trump says",Piratocracy,disapproval,Foreign Policy
Liberal,"U.S. seizes oil tanker off the coast of Venezuela, Trump says",Make Amarika great again???? Thanks Bone Spurs.,disapproval,Foreign Policy
Liberal,"U.S. seizes oil tanker off the coast of Venezuela, Trump says","There’s no details on this but I’m interested when it comes out. 

I’ve just listened to a podcast by Planet Money (NPR) that was about ships ‘going dark’ (switching off their location trackers) and then transferring their oil to other ships to ‘clean it’ (like money laundering for oil). 

Lots of really old ships bought by Russia to mix their oil in with regular oil and obfuscate where it comes from. 

According to the expert on the podcast she’s waiting on a massive spill from one of these old ships because they’re very old, but they’re also running uninsured- so no claims when they eventually split their cargo. 

I do agree that these ships should be penalised in some way, but I don’t know enough to think about how (since international waters is the Wild West for laws). But that’s me making an assumption that this ship was one of these ‘dodgy ships’ (and at the same point giving the administration the benefit of the doubt, something I don’t usually do). 

Also interesting to hear that ships are generally allowed to pass unobstructed through waters - so Russian ships pass UK/EU waters unobstructed all the time. 

If you fancy the podcast it’s Planet Money, part of NPR and it is called “How Russias shadow fleet is sailing around oil sanctions”, dated 17 Oct 2025.",curiosity,Oil Sanctions
Liberal,"U.S. seizes oil tanker off the coast of Venezuela, Trump says","“For multiple years, the oil tanker has been sanctioned by the United States due to its involvement in an illicit oil shipping network supporting foreign terrorist organizations,"" Bondi said.”",neutral,Sanctions
Liberal,Ohio Senator Bernie Moreno introduces bill to end dual citizenship,Most of the super rich who support the Republicans have dual or multiple citizenship s. It will be filibustered.,disapproval,Citizenship
Liberal,Ohio Senator Bernie Moreno introduces bill to end dual citizenship,Thiel will block it.,neutral,Dual Citizenship
Liberal,Ohio Senator Bernie Moreno introduces bill to end dual citizenship,"Senator if you believe that after becoming a citizen it was incumbent upon you to tell everyone else that they need to follow your personal idea of what a ""real American citizen"" is then you missed the whole point of what this nation is about.",disapproval,Citizenship
Liberal,Ohio Senator Bernie Moreno introduces bill to end dual citizenship,"https://x.com/PollTracker2024/status/1995612932533878832
Bill in detail.

Any here know of any subreddits i can spread this to?",curiosity,Dual Citizenship
Liberal,Ohio Senator Bernie Moreno introduces bill to end dual citizenship,So we can shove it up his ass,anger,Dual Citizenship
Liberal,Ohio Senator Bernie Moreno introduces bill to end dual citizenship,"It’s a constitutional amendment so any law he could get passed and signed would then need to be ratified by the States.

Yawn; this is clickbait.",annoyance,Dual Citizenship
Liberal,Ohio Senator Bernie Moreno introduces bill to end dual citizenship,How could they block dual citizenship?  Are they trying to take away American citizenship and deport people?  Doesn’t seem like they could take away citizenship from another country…,confusion,Dual Citizenship
Liberal,Ohio Senator Bernie Moreno introduces bill to end dual citizenship,"This would apply to Dr. Oz, too. Right?",curiosity,Dual Citizenship
Liberal,Ohio Senator Bernie Moreno introduces bill to end dual citizenship,He can eat shit!,anger,Dual Citizenship
Liberal,Does anyone realize Trump pardoned a terrorist?,"They don’t care. If you look at all the stuff the orange turd has done, and gotten away with, nothing he does is considered illegal.",anger,Trump's Actions
Liberal,Does anyone realize Trump pardoned a terrorist?,He is a terrorist,disapproval,Trump Pardons
Liberal,Does anyone realize Trump pardoned a terrorist?,My belief is that he is just rubber stamping pardons for money. He doesn't even know the names of the over 1500 people he has pardoned so far. It's just another signature he has to do.,disapproval,Presidential Pardons
Liberal,Does anyone realize Trump pardoned a terrorist?,"liberals be like wtf

normies be like yeah he’s crazy, they don’t vote anyways

conservatives be like I love dear leader 

I recommend going to local protests",disapproval,Presidential Pardon
Liberal,Does anyone realize Trump pardoned a terrorist?,"The guy freed like 5,000 terrorists in Afghanistan in his first term. No one should be surprised.",disapproval,Terrorism
Liberal,Does anyone realize Trump pardoned a terrorist?,Yes! But no one else seems to care!  All of the people he pardoned are super sketchy and deeply corrupt.,anger,Presidential Pardons
Liberal,Does anyone realize Trump pardoned a terrorist?,At least he's not bringing in more dirt crawlers from Somalia,disgust,Immigration
Liberal,Double-Digit Swing in Tennessee Has Republicans Rethinking How Badly 2026 Could Hurt,"sorry, not sorry, but the GOP doesn't need to be a thing anymore...especially on the trajectory it's on now.",disapproval,Republican Party
Liberal,Double-Digit Swing in Tennessee Has Republicans Rethinking How Badly 2026 Could Hurt,Mid terms gunna be rough,nervousness,Elections
Liberal,Double-Digit Swing in Tennessee Has Republicans Rethinking How Badly 2026 Could Hurt,I think Goldman's ROBINHOOD act is going to hurt the GOP even further.,disapproval,Economic Policy
Liberal,Double-Digit Swing in Tennessee Has Republicans Rethinking How Badly 2026 Could Hurt,Worried that they own many of the voting machine companies.,fear,Voting Machines
Liberal,Double-Digit Swing in Tennessee Has Republicans Rethinking How Badly 2026 Could Hurt,"Musk is going to swoop in , 2026 will be interesting.  Musk won’t give up his master race objectives willingly.",disgust,Elections
Liberal,Double-Digit Swing in Tennessee Has Republicans Rethinking How Badly 2026 Could Hurt,"I am just thinking that our USA political party system is broken and I was wondering how to replace it?  First off, is that liberals haven't really organized and conservatives have, for like 50 years.  That a BIG problem.  That is why Democrats are ineffective and Republicans are effective at getting their message out, however flawed the policy, which it is thoroughly!",disapproval,Political Parties
Liberal,Mass immigration uk,"Yeah, I wonder why people are so susceptible to the anti immigration sentiment. Multiculturalism and immigration are huge net wins.",confusion,Immigration
Liberal,Mass immigration uk,"I'm not from the UK but it's the big issue in US politics as well, it's just a really easy issue for Far-Right politicians to fear monger to people about. It's not a REAL problem in any way. All the polls I've seen from the UK have reform with a huge lead which is really disappointing, like do reform voters not see how bad things are in the US under the current administration?",disappointment,Immigration
Liberal,Mass immigration uk,"It's a different topic all over western countries. In Canada, the population has increased by almost a million every year for the past few years and the government hasn't properly invested in the country with the record growth in mind at all. 

I think its a different sort of situation, depending on what Nation you are looking at.",neutral,Immigration
Liberal,Mass immigration uk,"I think people aren’t having kids because they can’t afford to.

Immigration doesn’t solve that issue",annoyance,Immigration
Liberal,Mass immigration uk,"We are in exactly the same boat in the U.S. There is every reason to expand legal immigration, but we won’t because half the country is just shamelessly bigoted and doesn’t want brown people here.",anger,Immigration
Liberal,Mass immigration uk,"Question UK: I have been trying to wrap my head around your political climate. There was that huge turn out of 100k white supremacists recently and a female podcaster from UK mentioned something about potentially losing her rights. Everyone sees what is happening here in US, sadly. We are like the drunk girl at the party who cannot hold her alcohol and the whole word is watching us flounder. But my question, based on a few headlines, are you guys experiencing a movement similar to MAGA?
I agree immigration is a win for everyone. I am US born from CA, and Mexican people are some of the best people in the world. What is happening to them now makes me livid.",anger,Immigration
Liberal,Mass immigration uk,"I think the problem comes from a conflict of opposing viewpoints. For you, the UK would be better served by allowing for mass immigration given what you see as the practical benefits of the same (and the benefit of increased diversity).   
  
The question that would naturally be asked is whether these practical benefits are worth the associated costs. For instance, as to the question of diversity, do you value diversity because it complements an existing national culture, or do you value diversity because it alters culture?",neutral,Immigration
Liberal,Mass immigration uk,"It's about the change in culture. From a liberal perspective, we did all this hard work against Christian conservatives to free women from their constraints, stop religious laws from mandating how we live, and allow LGBT people to live their lives, and now you're importing a lot of people who make those Christians look downright liberal. They come from cultures where homosexuality is still a serious crime, and they believe it should be, while your country today is still embarrassed over how it treated Alan Turing. You want to go back to those days?",disapproval,Immigration
Liberal,Mass immigration uk,"Id rather be poor as a society and keep my country’s culture, than lose the culture from excessive immigration without assimilation",disapproval,Immigration
Liberal,Mass immigration uk,"Im 100% okay with immigration, but it needs to be regulated, and we need to put in the work to incorporate new cultures, not just throwing them willy nilly into the mix, otherwise there ends up being divides between demographics. In the US, we have so many different cultures and sub cultures, its really hard, these days impossible to get everyone onto the same page. We are not a unified people with unified goal, and it is showing in our politics. Look at New York City. The Jewish Muslim conflict is gaining ground on US (traditionaly Christian if not anti-thiestic) soil. And out of that we had a US mayor, go over seas, saying his service here was for another country.

I value multiculturalism, but we have clear evidence that cultural values differ between demographics, and we need to do more to bring everyone onto the same page. The American Melting pot experiment is on a really rocky page right now. Im hoping things can smooth out after this presidential chapter, and we can go back to loving our neighbors.",disappointment,Immigration
Liberal,Fears grow inside military over illegal orders after Hegseth authorized follow-up boat strike,Let's have the Nurenburg trials,disapproval,Military accountability
Liberal,Fears grow inside military over illegal orders after Hegseth authorized follow-up boat strike,Well people followed those illegal orders. No one seems to be talking about this.,disapproval,Military Orders
Liberal,Fears grow inside military over illegal orders after Hegseth authorized follow-up boat strike,He will definitely throw you under the bus,disapproval,Military Orders
Liberal,Mark Kelly says Senate will ‘put people under oath’ over reported follow-up strikes in Caribbean,"Get it on record, when this regime is out people can be arrested and jailed for these crimes.",anger,Military Action
Liberal,Mark Kelly says Senate will ‘put people under oath’ over reported follow-up strikes in Caribbean,Who cares. Those people will lie under oath as easily as they lie to peoples faces everyday. Or they just won’t report - what’s anyone going to do about it. ?,annoyance,Government Accountability
Liberal,Mark Kelly says Senate will ‘put people under oath’ over reported follow-up strikes in Caribbean,"I wonder what the maga and the Republican party would be doing if Biden, and Loyd James Austin III, were willy nilly bombing boats in the Gulf of Mexico and Pacific during Biden's term.  They'd be calling for impeachment and for Biden to get a health eval... Just goes to show you, that we are no longer living in actual reality anymore.",disapproval,Military Action
Liberal,Mark Kelly says Senate will ‘put people under oath’ over reported follow-up strikes in Caribbean,Mark Kelly and the other democratic lawmakers with military backgrounds were talking about Pete Hegseth when they released that “unlawful order” video. They already knew about it from the grapevine before the story broke.,neutral,Congressional Oversight
Liberal,Mark Kelly says Senate will ‘put people under oath’ over reported follow-up strikes in Caribbean,I thought the USA double tapped drone striked weddings in Afghanistan a lot.,disapproval,Drone Strikes
Liberal,Mark Kelly says Senate will ‘put people under oath’ over reported follow-up strikes in Caribbean,An oath means nothing to maga.,disapproval,MAGA
Liberal,Mark Kelly says Senate will ‘put people under oath’ over reported follow-up strikes in Caribbean,Those cretins from Hell don’t care if they are under oath! SERIOUSLY! Democrats need to stop relying on bureaucratic tactics to win this civil war!!!,anger,Political Strategy
Liberal,Son of megachurch pastor arrested for CSAB,It’s always the ones you most expect,annoyance,Child Protection
Liberal,Son of megachurch pastor arrested for CSAB,"Donald Trump, ""Who did you vote for?""  Peternel, ""Donald Trump.""  Trump, ""You're pardoned.""  Peternel, ""Thank you, Mr. Trump.  It's a state crime, though.""  Trump, ""I have unlimited authority.""",amusement,US Politics
Liberal,Son of megachurch pastor arrested for CSAB,"They are everywhere, every creed, age and race. 

Just sickening. 

My app isn't working right, but yes church should be a safe space. The church I currently attend, the FORMER youth pastor (married with two little babies, and frankly a gorgeous wife) is in jail awaiting trial for soliciting CSAM from a 14 year old girl 8 states away.

No one had any idea at all. He was leading a double life for years.

 I do not understand",disgust,Child Protection
Liberal,Son of megachurch pastor arrested for CSAB,[removed],neutral,N/A
Liberal,Son of megachurch pastor arrested for CSAB,this is so disgusting it makes my stomach turn. how can anyone tied to such a vile family not be screaming from the rooftops about this? so much hypocrisy from these so-called moral leaders. they deserve every bit of shame coming their way,disgust,Religious Hypocrisy
Liberal,Son of megachurch pastor arrested for CSAB,"What the hell is CSAB?    This is Reddit, you don't need to make acronyms no one can figure out because you are a frightened teenager.",annoyance,Crime
Liberal,Sen. Mark Kelly: Trump and Hegseth don't 'understand the Constitution',Yeah. One of them cant even read,annoyance,Constitution
Liberal,Sen. Mark Kelly: Trump and Hegseth don't 'understand the Constitution',"It doesn't matter. They have no intention of following it, want to shred it and are above the law to begin with. They have so many illegal actions that have not been stopped, until Congress grows a pair and puts an end to it, this will continue.",anger,Rule of Law
Liberal,Sen. Mark Kelly: Trump and Hegseth don't 'understand the Constitution',"""... don't ACKNOWLEDGE the Constitution.""

FIFH 😁",disapproval,Constitution
Liberal,Sen. Mark Kelly: Trump and Hegseth don't 'understand the Constitution',MAGA and the Republicans want to end US rule via the constitution.,disapproval,Constitution
Liberal,Sen. Mark Kelly: Trump and Hegseth don't 'understand the Constitution',"I’m sure they don’t understand AND don’t care about it - they just say something and their idiot supporters think they are patriotic. 

Almost every Trump supporter I’ve met has no idea what the constitution says but loves to yell about it like it’s their war cry.",disapproval,Constitution
Liberal,Sen. Mark Kelly: Trump and Hegseth don't 'understand the Constitution',"That’s true but even if they did, they don’t care.",disapproval,Constitution
Liberal,Sen. Mark Kelly: Trump and Hegseth don't 'understand the Constitution',The real question right now is do they *need* to understand the constitution or will they be allowed to do whatever they want? Gotta enforce laws if you want laws.,disapproval,Constitution
Liberal,Sen. Mark Kelly: Trump and Hegseth don't 'understand the Constitution',"They understand it.  They know the things they are doing are, in fact, illegal.  They just don't care.

As an aside, before the 2024 election, Project 2025/Heritage Foundation was preparing for the hiring of thousands of toadies, and when they identified potentials, they showed them videos about their plans.  One of the videos was letting them know what to do when their opponents would claim that what they were doing was illegal.

They've known all along they were going to ignore the Constitution and laws enacted by Congress.",anger,Constitutional Law
Liberal,Sen. Mark Kelly: Trump and Hegseth don't 'understand the Constitution',They also don’t understand Title 18 US Code 1091.,disapproval,Law
Liberal,Sen. Mark Kelly: Trump and Hegseth don't 'understand the Constitution',I'd be surprised if either of them knew the Constitution. But really they don't care about law except as a tool to attack opponents.,disapproval,Constitutional Law
Liberal,"Our president does another ""oof""",Unfortunately dismissed without prejudice. They can be refilled using a different prosecuted. Willing to bet they will in short time.,disappointment,Legal Proceedings
Liberal,"Our president does another ""oof""","ugh, seriously, what a complete disaster of a leader. every move is just another slap in the face to anyone who actually cares about justice. this clown needs to be out of office yesterday.",anger,Presidential Politics
Liberal,"Our president does another ""oof""","Sure he wasted some money on that, but give him credit he's constructing the Epstein Memorial Ballroom.",disapproval,Presidential Conduct
Liberal,"Our president does another ""oof""",Our president is an “oof”,disapproval,Presidency
Liberal,"Our president does another ""oof""","Trump is a lifelong psychopath that's now a demented psychopath.  Every moment of the rest of his life will be an ""oof"".",disapproval,US Politics
Liberal,"NGL, I'm having so much fun watching all my MAGA-hat relatives slowly come to terms with the inescapable realization, ""Oh crap. . . He really is just a goddam nutjob. . . isn't he?""","I live in a very conservative area and theres so many close ones who are really clinging onto ""Well Harris probably wouldve been worse"" as theyve slowly realized things are only getting worse under him.",realization,Presidential Performance
Liberal,"NGL, I'm having so much fun watching all my MAGA-hat relatives slowly come to terms with the inescapable realization, ""Oh crap. . . He really is just a goddam nutjob. . . isn't he?""","I think the best move is to give them some ground to run to. If they show for even a second that they think they've been tricked, sympathizing for even a moment can do wonders for the future. No reason to beat them over the head and drive them right back into the bubble. That'd just help Trump.

""Wow maybe Trump tricked me."" 

""Seems he tricked a lot of people. What matters is what you do now that you're starting to notice.""

If you're too vindictive for it at this point, I get it, but you're cutting your nose to spite your face.",approval,Political Reconciliation
Liberal,"NGL, I'm having so much fun watching all my MAGA-hat relatives slowly come to terms with the inescapable realization, ""Oh crap. . . He really is just a goddam nutjob. . . isn't he?""","Hey uncle Steve, do you know that Trump raped a woman?  You voted for him anyway.  What if he had raped Aunt Dawn?  Would you still have voted for him?  I'm guessing not.  So, how come it's OK with you that he rapes someone else?",anger,Trump's Conduct
Liberal,"NGL, I'm having so much fun watching all my MAGA-hat relatives slowly come to terms with the inescapable realization, ""Oh crap. . . He really is just a goddam nutjob. . . isn't he?""","This is what the French meant after the war when they said « everyone was in the résistance »

ETA: résistantialisme"", a pejorative term used to criticize individuals who retrospectively exaggerated or faked their own involvement in the wartime resistance in an attempt to enhance their own status after the war",disapproval,Political Hypocrisy
Liberal,"NGL, I'm having so much fun watching all my MAGA-hat relatives slowly come to terms with the inescapable realization, ""Oh crap. . . He really is just a goddam nutjob. . . isn't he?""","Just curious, but was there one particular thing Trump has recently said/done that caused your relatives to suddenly wake up, or do you think they've been slowly coming to this realization due to a stream of events?

Also, do you think there's any chance he'd be able to ""get them back into the fold"" if he said the right combination of lies?",curiosity,Donald Trump
Liberal,"NGL, I'm having so much fun watching all my MAGA-hat relatives slowly come to terms with the inescapable realization, ""Oh crap. . . He really is just a goddam nutjob. . . isn't he?""","It doesn’t matter where they stand now, they knew what they were getting with their vote, I don’t see how there was something realize later on.",disapproval,Voter Behavior
Liberal,"NGL, I'm having so much fun watching all my MAGA-hat relatives slowly come to terms with the inescapable realization, ""Oh crap. . . He really is just a goddam nutjob. . . isn't he?""",Unfortunately none of my maga family members will back down.  They’ll make excuses till the end and even if Drumpf pissed on their heads they’d still idolize and follow him.  I swear it just makes them feel better about their own dark inner selves…,disgust,Trump Support
Liberal,"NGL, I'm having so much fun watching all my MAGA-hat relatives slowly come to terms with the inescapable realization, ""Oh crap. . . He really is just a goddam nutjob. . . isn't he?""",Why do you have such vindictiveness towards your family members for their political views?,disapproval,US Politics
Liberal,A little gem from Project 2025,They said this on TV I think.  None of their moves were hidden.,neutral,Project 2025
Liberal,A little gem from Project 2025,I’ve read it. There are many things like this. You can download it for free from their website,neutral,Project 2025
Liberal,A little gem from Project 2025,"Yeah Stephen Goebbels, I mean Joseph Miller, you know who I’m thinking of but yeah he said it on camera.",disapproval,Project 2025
Liberal,A little gem from Project 2025,"It's hard to believe that so many people just don't care what their agenda is (or actually support it).  I mean, I definitely believe it now after everything that has happened - but still, I just shake my head about it.",disapproval,Project 2025
Liberal,A little gem from Project 2025,"Racists talking about taking America back from People of Color and Christian Nationalists and their propaganda that this is a Christian Nation and  that it needs to be led by their leadership and their holy laws.  Since 9 out of the 13 signers of the Declaration of Independence were Masons (not Christians) there fantasy is quite creative.

So many people think the Puritans were fleeing for religious freedom but what they don't figure is that they were  so aggressive about their beliefs, they were were really so intolerant of other views that they were 'persecuted' and really just run out of England.   They could practice their beliefs if they so chose but it was their fanaticism that led them to N. America.

Sound familiar?  That strain of intolerance still runs deep in American society and that is what we are still dealing with now.",disapproval,Christian Nationalism
Liberal,A little gem from Project 2025,"The Wikipedia entry I think is close enough, and its abhorrent.",disgust,Project 2025
Liberal,A little gem from Project 2025,"I downloaded the thing, and a search of the document doesn't show any of that.

I think Kevin Roberts said that in an interview.",neutral,Project 2025
Liberal,A little gem from Project 2025,"Kevin Roberts, president of The Heritage Foundation, said that in a televised clip on Feb. 22, 2024, in Nashville, Tennessee.",neutral,Project 2025
Liberal,A little gem from Project 2025,"Oh, they want blood.",fear,Political Agenda
Liberal,Prominent Democratic Veterans Urge Troops To Defy 'Illegal Orders',"Just want everyone to know he has also reposted something saying to hang these Democrat lawmakers, reposted things saying they’re guilty of sedition and then made a post himself saying sedition is punishable by death. 

When is enough going to be enough for MAGA?",anger,Political Extremism
Liberal,Prominent Democratic Veterans Urge Troops To Defy 'Illegal Orders',"I’m glad I’m now retired after more than 22 years but it makes me think: in those 22 years, not one time was there ever any training on the legality and ethics of issuing and following orders. Sure, there was LOAC (Law of Armed Conflict - don’t abuse POWs, don’t use glass projectiles, 3-edged bayonets, this kind of thing), but we never got into DSCA (Defense Support of Civil Authorities) or MOOTW (Military Operations Other Than War). Even when I left active duty and joined a state National Guard, who’s primary mission is DSCA, we really only needed to understand command authorities (are we getting paid by the governor or the President, Title 32 or Title 10, respectively). But we NEVER talked about, hey, if you are tasked to provide to civil law enforcement intelligence collection or the apprehension of civilians, here’s what the law has to say about that.",disapproval,Military Law
Liberal,Prominent Democratic Veterans Urge Troops To Defy 'Illegal Orders',They are required by law to refuse unlawful orders.  These dems are just reminding them.,approval,Military orders
Liberal,Prominent Democratic Veterans Urge Troops To Defy 'Illegal Orders',... which they are already legally expected to do,neutral,Military Law
Liberal,Prominent Democratic Veterans Urge Troops To Defy 'Illegal Orders',"Something about troops don't have to take genocide orders.


Trump wants a Peace Prize for bombing boats.",disapproval,Military Orders
Liberal,Prominent Democratic Veterans Urge Troops To Defy 'Illegal Orders',"I saw something about Trump wanting the death penalty for saying to disobey illegal orders.


Anybody else see this?",curiosity,Military Law
Liberal,Prominent Democratic Veterans Urge Troops To Defy 'Illegal Orders',I keep getting notifications of comments but they aren’t here when I click on them is anyone else having this issue?,confusion,None
Liberal,Prominent Democratic Veterans Urge Troops To Defy 'Illegal Orders',"Trump wants to kill him some democrats.


What a typical totalitarian attitude that is


So many of his friends have Nazi heil saluted in public.",anger,Political rhetoric
Liberal,Prominent Democratic Veterans Urge Troops To Defy 'Illegal Orders',"Sure, a 19 year old infantry soldier is perfectly suited to weigh the stressful legal intricacies of his chain of command",annoyance,Military ethics
Liberal,Prominent Democratic Veterans Urge Troops To Defy 'Illegal Orders',"It would have been nice for Biden to enact training and programs to remind the troops of this while he still had the power to do so, but NOPE. Saved it all for a 5 minute speech at the very last minute of his presidency.",disappointment,Military Orders
Liberal,"If Bondi or Patel withhold portions of the Epstein Files, or destroy evidence, how would we be able to tell?",From what I understand there are multiple copies and they would eventually be found out but who knows. I have never had so little faith as I now have in the well-being of this country.,sadness,Government Corruption
Liberal,"If Bondi or Patel withhold portions of the Epstein Files, or destroy evidence, how would we be able to tell?","The thing about a coverup and conspiracy is that it takes a lot of people to do. Those people then need to be trusted not to talk, which more often than not, happens anyway. It’s why the whole deep state idea from Q is so dumb. It assumes 1000s of people are in on a secret and are somehow capable of not talking about it.",disapproval,Conspiracy Theories
Liberal,"If Bondi or Patel withhold portions of the Epstein Files, or destroy evidence, how would we be able to tell?","When every mention of trump is redacted and, like the 'Russia hoax' he immediately cries about total exoneration.",disapproval,US Politics
Liberal,"If Bondi or Patel withhold portions of the Epstein Files, or destroy evidence, how would we be able to tell?","Bondi and Patel can’t secretly remove anything because they don’t control the original Epstein evidence — it’s stored across the FBI, DOJ, National Archives, courts, Congress, and even the Epstein estate. All files are protected by forensic hashes and chain-of-custody logs, so even a one-byte change would be immediately detectable. Multiple independent copies already exist, so any tampering would be exposed instantly when versions are compared. It will take some faith but trust the system and safe guards.",optimism,Evidence Integrity
Liberal,"If Bondi or Patel withhold portions of the Epstein Files, or destroy evidence, how would we be able to tell?",If the documents look to walk a party line. All R or All D would really throw a red flag to me.,disapproval,Epstein Files
Liberal,"If Bondi or Patel withhold portions of the Epstein Files, or destroy evidence, how would we be able to tell?",There are times when the lack of evidence is itself evidence. Also many copies seem to exist.,realization,Epstein Files
Liberal,"If Bondi or Patel withhold portions of the Epstein Files, or destroy evidence, how would we be able to tell?","In a universe that made sense, and a society of consequence that money and influence did not exempt you from, there would be chains of custody, multiple unredacted copies in secure storage, and multiple people who would be able to confirm the validity of any released files. 

In *our* universe? 🤷‍♂️",disappointment,Legal Accountability
Liberal,"If Bondi or Patel withhold portions of the Epstein Files, or destroy evidence, how would we be able to tell?",Bondi would have shit all over her nose….,disgust,Epstein Files
Liberal,"If Bondi or Patel withhold portions of the Epstein Files, or destroy evidence, how would we be able to tell?",Listen to the multitude of brave victims who have come forward.,caring,Epstein Scandal
Liberal,"If Bondi or Patel withhold portions of the Epstein Files, or destroy evidence, how would we be able to tell?","This is why obstruction of justice is a crime.

Destruction of evidence and tampering with witnesses prevents the proper administration of justice. With Trump in charge of the DOJ there's basically no way to ensure that evidence in a case against Trump maintains its integrity.",disapproval,Justice System
Liberal,The Charlie Kirk purge: How 600 Americans were punished in a pro-Trump crackdown,Nobody lost they're job when they celebrated MLK Jr's death.,disapproval,Political expression
Liberal,The Charlie Kirk purge: How 600 Americans were punished in a pro-Trump crackdown,There are 2 people those who love Charlie Kirk hate to see quoted. Charlie Kirk and Jesus.,annoyance,Political Figures
Liberal,The Charlie Kirk purge: How 600 Americans were punished in a pro-Trump crackdown,"Imagine losing your job because you made fun of the president's favorite racist youtuber, lol",disapproval,Political Crackdown
Liberal,The Charlie Kirk purge: How 600 Americans were punished in a pro-Trump crackdown,Chilling,fear,Political purges
Liberal,The Charlie Kirk purge: How 600 Americans were punished in a pro-Trump crackdown,Makes me sick seriously,disgust,Trump politics
Liberal,The Charlie Kirk purge: How 600 Americans were punished in a pro-Trump crackdown,Only 600?,annoyance,Political purges
Liberal,The Charlie Kirk purge: How 600 Americans were punished in a pro-Trump crackdown,I don't want teachers who openly celebrate murder to teach kids. You teach kids that murder is okay and you're raising a bunch of psychopaths. Death isn't anything to scoff at regardless of the political spectrum you reside in. No one should have celebrated MLK Jr's death back then and no one should be celebrating Kirk's death now. I would say that our morals and values have decayed over time but I guess we've always had hate in our heart from the beginning.,disapproval,Political Discourse
Liberal,"House passes bill to force the release of the Epstein files, sending it to Senate","The files that they’re going release, if it ever gets passed the Senate, will be heavily redacted. They’re just trying to drag this out for as long as they can.",annoyance,Epstein files
Liberal,"House passes bill to force the release of the Epstein files, sending it to Senate",I hope this is ok.  I saw nothing in regards to petitions.  [https://sign.moveon.org/petitions/epstein?bucket=promote-from-superbowl&amp;source=after-signing-promote-moda](https://sign.moveon.org/petitions/epstein?bucket=promote-from-superbowl&amp;source=after-signing-promote-moda),desire,Epstein Files
Liberal,"House passes bill to force the release of the Epstein files, sending it to Senate","This is not a victory, it is a surrender!  
















This is worse than doing nothing, as it permits and emboldens Trump to lawfully manipulate and redact releases with no recourse. This farce of legislation gives him everything and is about as transparent as a blindfold. Calls for releasing the Epstein Files become useless. lt is ridiculously embarrassing that all of this was out in the open and yet was overwhelmingly passed!  
There is most definitely something up, and a deal was struck to hide something.  ",anger,Government transparency
Liberal,"House passes bill to force the release of the Epstein files, sending it to Senate",Redacted like crazy.,annoyance,Epstein files
Liberal,Donald Trump Snaps at Female Reporter Who Asks About Epstein Files: 'Quiet Piggy',And all the other reporters said nothing. Says even more.,disapproval,Donald Trump
Liberal,Donald Trump Snaps at Female Reporter Who Asks About Epstein Files: 'Quiet Piggy',Fat fuck is one to talk.,anger,Donald Trump
Liberal,Donald Trump Snaps at Female Reporter Who Asks About Epstein Files: 'Quiet Piggy',My God someone check this dude!!!!   I am so tired of this happening and no one speaking up,annoyance,Political Conduct
Liberal,Donald Trump Snaps at Female Reporter Who Asks About Epstein Files: 'Quiet Piggy',We need a group intervention. This needs to be a team. Psychology as a science has already documented this.,disapproval,Donald Trump
Liberal,Donald Trump Snaps at Female Reporter Who Asks About Epstein Files: 'Quiet Piggy',That alone would cause any normal person to lose his job. He's clearly not able to behave.,disapproval,Trump's Conduct
Liberal,Donald Trump Snaps at Female Reporter Who Asks About Epstein Files: 'Quiet Piggy',What do you expect? The man doesn't like women. But he's pretty friendly with Bubba...,disapproval,Donald Trump
Liberal,Donald Trump Snaps at Female Reporter Who Asks About Epstein Files: 'Quiet Piggy',"In all the years this guy has been around I'm still waiting for someone to have enough balls to tell him ""Go F Yourself"" to his face.",anger,Donald Trump
Liberal,Donald Trump Snaps at Female Reporter Who Asks About Epstein Files: 'Quiet Piggy',"Such class. All low, of course.",disapproval,Press relations
Liberal,Donald Trump Snaps at Female Reporter Who Asks About Epstein Files: 'Quiet Piggy',He’s so foul.,disapproval,Political Figures
Liberal,Donald Trump Snaps at Female Reporter Who Asks About Epstein Files: 'Quiet Piggy',"Of all people, HE says piggy...",annoyance,Political Figures
Liberal,Georgia election interference case against Trump and allies will carry on with new prosecutor to replace Fani Willis,Good,approval,Election Interference
Liberal,Georgia election interference case against Trump and allies will carry on with new prosecutor to replace Fani Willis,I'm sure this will happen in a timely manner,annoyance,Election Interference
Liberal,Georgia election interference case against Trump and allies will carry on with new prosecutor to replace Fani Willis,This doesn't mean the new prosecutor will carry on with the case.,neutral,Election Interference
Liberal,Georgia election interference case against Trump and allies will carry on with new prosecutor to replace Fani Willis,"This time please don’t fuck it up, both literally and figuratively.",desire,Election Interference
Liberal,Georgia election interference case against Trump and allies will carry on with new prosecutor to replace Fani Willis,Very good. Don’t leave any criminals behind .take them down. No one is above the law.,approval,Election Interference
Liberal,Georgia election interference case against Trump and allies will carry on with new prosecutor to replace Fani Willis,And that new prosecutor is … Trumps personal attorney.,disapproval,Legal Proceedings
Liberal,"If Trump tariffs one more thing , I’m going to lose it !",This was all preplanned. Read project 2025. It was all made very clear what was planned before the election.,realization,Political Agenda
Liberal,"If Trump tariffs one more thing , I’m going to lose it !","All these starting bonuses for gestapo, lawsuits, golf trips, and gilded renovations aren’t going to pay for themselves!",disapproval,Government Spending
Liberal,"If Trump tariffs one more thing , I’m going to lose it !",He was ready to actually let 42 million Americans starve. He doesn't give a shit about what anyone thinks of his tariffs.,anger,Tariffs
Liberal,"If Trump tariffs one more thing , I’m going to lose it !",Trump is imposing intergalactic tariffs next.,amusement,Tariffs
Liberal,"If Trump tariffs one more thing , I’m going to lose it !",I also saw an article that says many of the tariffs are quietly being reversed (maybe it’s quietly so his staff can keep it from him?). They’ve done their damage already in many cases.,disappointment,Tariffs
Liberal,"If Trump tariffs one more thing , I’m going to lose it !","Announced today he was lowering tariffs on coffee, beef, fruit, etc. We'll see. Even if true, you wont see it right away because stores bought their current inventory at the higher price.",neutral,Tariffs
Liberal,"If Trump tariffs one more thing , I’m going to lose it !","He likes the tariffs only bc they give him a big bargaining chip in international relations. He thinks it makes him a big, powerful man. 

And I think he STILL believes it's other countries that pay the tariffs. I wish a reporter would ask him how the tariffs work. Bet he couldn't give a correct answer.",disapproval,Tariffs
Liberal,"If Trump tariffs one more thing , I’m going to lose it !","Not to be rude, but what does anyone fear from you ""losing it""? I'm sick of hearing relatives act like their outrage equals action.",annoyance,Tariffs
Liberal,"If Trump tariffs one more thing , I’m going to lose it !","Tariffs are slightly bad for the economy. Far worse damage is being done by the randomness and arbitrariness of the changes. If T just published a reliable schedule of tariffs and quit with the surprises, we’d adapt. But he won’t because it’s not really about tariffs. It’s about creating as many tribute states in the world as possible. Fealty and bribes.",disapproval,Tariffs
Liberal,Epstein offered reporter photos of 'donald and girls in bikinis in my kitchen': Email,So the world respected NY Times knew this and did nothing to further investigate. Ok. Not that we didn’t know which side they are on.,disapproval,Media bias
Liberal,Epstein offered reporter photos of 'donald and girls in bikinis in my kitchen': Email,"Photos of girls in bikinis with _The_ Donald in a kitchen are not exactly hard-hitting and seem tame within the known atmosphere of Trump. Photos of topless girls might be a bit spicier, but even then, there has to be something contextually and inarguably significant to justify a hit piece. ",neutral,Epstein Scandal
Liberal,Epstein offered reporter photos of 'donald and girls in bikinis in my kitchen': Email,[deleted],neutral,Not applicable
Liberal,When did the Democratic Party become the “Democrat” Party when republicans speak and why?,For the same reason they mispronounce Democratic politicians names despite knowing exactly how they’re pronounced. They’re being purposefully disrespectful.,disapproval,Political Rhetoric
Liberal,When did the Democratic Party become the “Democrat” Party when republicans speak and why?,When Republicans decided to be uneducated twats that feel the need to mis name people and group as a way to denigrate them. The ones that know better think they're being super clever. The ones that don't know are just stupid.,anger,Political Rhetoric
Liberal,When did the Democratic Party become the “Democrat” Party when republicans speak and why?,They are being purposefully disrespectful.,disapproval,Political Discourse
Liberal,When did the Democratic Party become the “Democrat” Party when republicans speak and why?,"This is just one of their ""cruelty is the point"" things. Just like how they intentionally mispronounce Kamala Harris's name",disapproval,Political Rhetoric
Liberal,When did the Democratic Party become the “Democrat” Party when republicans speak and why?,It’s marketing. I wish people would stop saying “Fox News” and say “Fox entertainment” instead. We need to learn from this shit.,annoyance,Political Marketing
Liberal,When did the Democratic Party become the “Democrat” Party when republicans speak and why?,"Rush Limbaugh made a habit of ""normalizing"" this phrase among righties, but it may go farther back.",neutral,Political Parties
Liberal,When did the Democratic Party become the “Democrat” Party when republicans speak and why?,"They’ve been doing that for decades.  They do it to be dicks, which they are.",annoyance,Political Parties
Liberal,When did the Democratic Party become the “Democrat” Party when republicans speak and why?,It sounds more perjorative to say “Democrat” than “democratic”,neutral,Political Language
Liberal,When did the Democratic Party become the “Democrat” Party when republicans speak and why?,https://slate.com/news-and-politics/2023/01/democrat-party-republican-insult.html,neutral,Political Rhetoric
Liberal,When did the Democratic Party become the “Democrat” Party when republicans speak and why?,Because it’s sounds like rat and they’re easily amused.,annoyance,Political Rhetoric
Liberal,Can Trump-Appointed Secretary of Transportation be trusted?,Nothing bone spurs says or does can be trusted!,disapproval,Trump Administration
Liberal,Can Trump-Appointed Secretary of Transportation be trusted?,Trump appointed? Absolutely not.,disapproval,Government Appointments
Liberal,Can Trump-Appointed Secretary of Transportation be trusted?,why are these questions asked? no one appointed by trump can be trusted with anything ever. have we not learned this yet?,anger,Political Appointments
Liberal,Can Trump-Appointed Secretary of Transportation be trusted?,You mean the MTV Road Rules guy?,confusion,Government Appointments
Liberal,Can Trump-Appointed Secretary of Transportation be trusted?,No,disapproval,Political Appointments
Liberal,Can Trump-Appointed Secretary of Transportation be trusted?,Ha ha… fuck no.,disapproval,Trump Administration
Liberal,Can Trump-Appointed Secretary of Transportation be trusted?,Nope,disapproval,Government Appointments
Liberal,Can Trump-Appointed Secretary of Transportation be trusted?,"Duffy specifically cannot be trusted to do a good job. I don’t care how well-intentioned he is regarding any project he undertakes, it will not be done well, because he was not appointed to do a good job.",disapproval,Political Appointments
Liberal,Can Trump-Appointed Secretary of Transportation be trusted?,Lmfao of course not.,disapproval,Government Appointments
Liberal,Can Trump-Appointed Secretary of Transportation be trusted?,Wow. I thought that DEI and trans were eliminated from the government. What's this about a dept of TRANSportation? Awful. (This is a joke),amusement,Social Issues
Liberal,Trump admin asks appeals court to pause judge's requirement that it make full November SNAP payments,There’s only one reason I can think of that the Trump admin does not want to fund SNAP: they want to punish poor people. Those miserable bastards.,anger,SNAP
Liberal,Trump admin asks appeals court to pause judge's requirement that it make full November SNAP payments,Why do Republicans hate poor people?  It must be because they blame the poor for being poor.,anger,Social Welfare
Liberal,Trump admin asks appeals court to pause judge's requirement that it make full November SNAP payments,"If anyone tries to tell you it's the democrats, let them know that the Republicans have gone to court to keep starving people starving. Republicans =cruelty.",anger,Food Assistance
Liberal,Trump admin asks appeals court to pause judge's requirement that it make full November SNAP payments,"It seems that every time Trump doesn’t like a judge’s ruling, he immediately goes to either an Appeals or the Supreme Court to obtain a different outcome; it just never ends until he gets what he wants, and if he doesn’t, he will just ignore the ruling. Lawlessness abounds!",anger,Rule of Law
Liberal,Trump admin asks appeals court to pause judge's requirement that it make full November SNAP payments,Not just that they’re willing to starve people in the first case. The fact that they’re fighting so hard not to do it is insane.,anger,SNAP
Liberal,Trump admin asks appeals court to pause judge's requirement that it make full November SNAP payments,I guess this is a prime example of winning with Trump policies.  DOES THIS MAKE IT CLEAR TO MAGATS THAT TRUMP COULD CARE LESS ABOUT HIS BASE??,anger,Social Welfare
Liberal,Trump admin asks appeals court to pause judge's requirement that it make full November SNAP payments,Begging a judge not to give poor people food is not good optics.,disapproval,Food Assistance
Liberal,Trump admin asks appeals court to pause judge's requirement that it make full November SNAP payments,"""Please don't make us feed those people.""",disapproval,Welfare
Liberal,Trump admin asks appeals court to pause judge's requirement that it make full November SNAP payments,"Only Congress has the power of the purse unless they don't enforce that power.  Right now, Trump's handlers have the de facto power of the purse.",disapproval,Separation of Powers
Liberal,Trump admin asks appeals court to pause judge's requirement that it make full November SNAP payments,Trump has the “Costanza Management” philosophy. Do the “opposite” of what should be done.,disapproval,SNAP
Conservative,Puerto Rico enacts law defining unborn children as human beings,What will the liberals think of Puerto Rico now?,annoyance,Abortion
Conservative,Puerto Rico enacts law defining unborn children as human beings,"PR has always been socially conservative. They vote Democrat federally due to the Jones Act and Democrat gaslighting.

Republicans would permanently win them over by granting them the same trade exemptions as USVI.",neutral,Puerto Rico Policy
Conservative,Puerto Rico enacts law defining unborn children as human beings,Hahaha I'll bet the left doesnt want Puerto Rico to be a state anymore.,amusement,Abortion
Conservative,Puerto Rico enacts law defining unborn children as human beings,Puerto Rico should been a state long time ago Congress need to get off it's ass and pass a law that will force Puerto Rico  to hold a mandatory referendum for Puerto Rico statehood or independence.,annoyance,Puerto Rico Status
Conservative,Puerto Rico enacts law defining unborn children as human beings,Cue the usual suspects labeling them as racists. ,annoyance,Abortion
Conservative,Puerto Rico enacts law defining unborn children as human beings,"That's interesting.  I always thought PR was very liberal, but then you recognize their heritage and that complicates things.  Very interesting.",realization,Abortion
Conservative,Puerto Rico enacts law defining unborn children as human beings,"Yaaaaaaay.

Conception begins at birth.",disapproval,Abortion
Conservative,Puerto Rico enacts law defining unborn children as human beings,Outstanding!,approval,Abortion
Conservative,Puerto Rico enacts law defining unborn children as human beings,"This sounds like a Babylon Bee headline. Something that grows into a big human is a human, you don't say....",amusement,Abortion
Conservative,Puerto Rico enacts law defining unborn children as human beings,Interesting.  You never think of Puerto Rico as having their shit together.,surprise,Abortion
Conservative,"Disney World 'Gay Days' Paused for 2026, Pride Event Org Can't Find Sponsors",Makes me wonder if they were getting taxpayer dollars via NGO funding indirectly from USAID and the DOGE clean-out caused those sponsorships to dry up.,curiosity,Government Funding
Conservative,"Disney World 'Gay Days' Paused for 2026, Pride Event Org Can't Find Sponsors",Companies are finally realizing people want them to stay out of woke politics.,approval,Woke Politics
Conservative,"Disney World 'Gay Days' Paused for 2026, Pride Event Org Can't Find Sponsors",Imagine the uproar if a theme park tried to have “Straight Days”.,annoyance,LGBTQ+ Rights
Conservative,"Disney World 'Gay Days' Paused for 2026, Pride Event Org Can't Find Sponsors",Stop talking about your sexual preferences in public. There are kids around,disapproval,LGBTQ+
Conservative,"Disney World 'Gay Days' Paused for 2026, Pride Event Org Can't Find Sponsors",![gif](giphy|ZqlvCTNHpqrio),embarrassment,LGBTQ+ Rights
Conservative,"Disney World 'Gay Days' Paused for 2026, Pride Event Org Can't Find Sponsors",Bob Iger and his consequences have been a disaster for the human race,disapproval,LGBTQ+ Rights
Conservative,"Disney World 'Gay Days' Paused for 2026, Pride Event Org Can't Find Sponsors",You have to wonder why they've been choosing Disney of all places. There's nowhere in Orlando more age appropriate for this?,disapproval,LGBTQ+ Rights
Conservative,"Disney World 'Gay Days' Paused for 2026, Pride Event Org Can't Find Sponsors",![gif](giphy|RgfGmnVvt8Pfy),realization,LGBTQ+ Rights
Conservative,"Disney World 'Gay Days' Paused for 2026, Pride Event Org Can't Find Sponsors",Too bad! So many mods are going to be upset.,disappointment,LGBTQ+ Rights
Conservative,"Disney World 'Gay Days' Paused for 2026, Pride Event Org Can't Find Sponsors",They will have all the sponsors they need after 2028,optimism,LGBTQ+ Rights
Conservative,Fetterman: 'There's a Rot' Among Dems with People Like AOC 'Standing with Pro-Hamas People' Like Piker,"This thread has been so heavily reported that I, Automoderator, decided to promote our other socials.  [Follow us on X.com](https://x.com/rcondiscord) and [join us on Discord](https://discord.com/invite/conservative).

*I am a bot, and this action was performed automatically. Please [contact the moderators of this subreddit](/message/compose/?to=/r/Conservative) if you have any questions or concerns.*",neutral,Middle East Policy
Conservative,Fetterman: 'There's a Rot' Among Dems with People Like AOC 'Standing with Pro-Hamas People' Like Piker,The crazy thing is...Fetterman is basically a democrat from around the year 2000.  It's just the rest of the party has gone crazy since. ,disapproval,Party Politics
Conservative,Fetterman: 'There's a Rot' Among Dems with People Like AOC 'Standing with Pro-Hamas People' Like Piker,I sometimes think what it would take for democrats to bring that center over. They have shifted so far left. If they were more like that old school Clinton or first term Obama they might have a chance. But they can't push abortion or pushing agendas against Romans 1:26–27 / 1 Corinthians 6:9–10. Especially pushing those into schools. I can't even say the second part because Reddit is major censoring of that topic. So I'll just let the Bible speak for what I'm talking about with those. Those two things the party needs to abandon if they ever want Christians. ,disapproval,Social Issues
Conservative,Fetterman: 'There's a Rot' Among Dems with People Like AOC 'Standing with Pro-Hamas People' Like Piker,"Because they not only want power, they want the spotlight. ",disapproval,Democratic Party Politics
Conservative,San Francisco Judge Says No Prison Time For Driver Who Killed Family of Four,"""Criminals First"" and Zero Accountability for Actions in Lefty World

And people vote to have this as their world design",anger,Criminal Justice
Conservative,San Francisco Judge Says No Prison Time For Driver Who Killed Family of Four,"&gt;An elderly and reportedly wealthy woman who killed a family of four while speeding the wrong way down a residential San Francisco street will likely face no prison time, a judge handling the case indicated Friday.

Can society get serious about letting people this senile drive? She's 80 year old. Doesn't make me too thrilled to live in a country with an aging population that isn't being retested for driving capability.",anger,Driver Safety
Conservative,San Francisco Judge Says No Prison Time For Driver Who Killed Family of Four,I wonder if the judge’s ruling would be different had it been four members of the judge’s family who were killed.,anger,Justice System
Conservative,San Francisco Judge Says No Prison Time For Driver Who Killed Family of Four,wtf?,anger,Criminal Justice
Conservative,San Francisco Judge Says No Prison Time For Driver Who Killed Family of Four,"So they decided that criminal charges were off the table. Now the family has to sue her for every penny she’s got, because now it’s a civil matter.",disapproval,Justice System
Conservative,San Francisco Judge Says No Prison Time For Driver Who Killed Family of Four,Go figure,disapproval,Justice System
Conservative,San Francisco Judge Says No Prison Time For Driver Who Killed Family of Four,Another democrat voter at large destroying the fabric of our society.,anger,Partisan Politics
Conservative,San Francisco Judge Says No Prison Time For Driver Who Killed Family of Four,Thsts absolutely insane of course its cali tho,anger,Justice System
Conservative,"Happy Valentine’s Day, Tehran","This thread has been so heavily reported that I, Automoderator, decided to promote our other socials.  [Follow us on X.com](https://x.com/rcondiscord) and [join us on Discord](https://discord.com/invite/conservative).

*I am a bot, and this action was performed automatically. Please [contact the moderators of this subreddit](/message/compose/?to=/r/Conservative) if you have any questions or concerns.*",neutral,Iran
Conservative,"Happy Valentine’s Day, Tehran","Yeah, slide that bad boy right in there.",amusement,Iran
Conservative,Fetterman slams Democrats' 'Jim Crow 2.0' voter ID rhetoric as party unity fractures -- Fetterman doesn't think that voter ID legislation is a radical idea.,"While its nice to see him say things like this, check his voting record. Dude is a lacky for his party.",disapproval,Voter ID
Conservative,Fetterman slams Democrats' 'Jim Crow 2.0' voter ID rhetoric as party unity fractures -- Fetterman doesn't think that voter ID legislation is a radical idea.,"The democrats *are* the experts on Jim Crow. They passed the Black Codes, after all.",disapproval,Voting Rights
Conservative,Fetterman slams Democrats' 'Jim Crow 2.0' voter ID rhetoric as party unity fractures -- Fetterman doesn't think that voter ID legislation is a radical idea.,"You only frame something like this as ""radical"" or ""dangerous to our democracy"" when you fully intend or benefit from voter fraud.",disapproval,Voter ID
Conservative,Fetterman slams Democrats' 'Jim Crow 2.0' voter ID rhetoric as party unity fractures -- Fetterman doesn't think that voter ID legislation is a radical idea.,"It’s as simple as having a fucking state ID.

If you don’t have a simple state ID or DL, who’s the real asshole in regard to this voter ID dilemma?",annoyance,Voter ID
Conservative,Fetterman slams Democrats' 'Jim Crow 2.0' voter ID rhetoric as party unity fractures -- Fetterman doesn't think that voter ID legislation is a radical idea.,"not surprising. polling says a majority of democrat **voters** support voter id, the politicians are out of touch on this.",neutral,Voter ID
Conservative,Fetterman slams Democrats' 'Jim Crow 2.0' voter ID rhetoric as party unity fractures -- Fetterman doesn't think that voter ID legislation is a radical idea.,DINO,disapproval,Voter ID
Conservative,"Marco Rubio Tells Europe Return to Christianity, Reject 3rd World Migration – The Crowd's Response Shows We're Winning! (Video)","This thread has been so heavily reported that I, Automoderator, decided to promote our other socials.  [Follow us on X.com](https://x.com/rcondiscord) and [join us on Discord](https://discord.com/invite/conservative).

*I am a bot, and this action was performed automatically. Please [contact the moderators of this subreddit](/message/compose/?to=/r/Conservative) if you have any questions or concerns.*",neutral,Immigration
Conservative,"Marco Rubio Tells Europe Return to Christianity, Reject 3rd World Migration – The Crowd's Response Shows We're Winning! (Video)","Great speech. And unlike Vance, Rubio delivers it in a manner that isn’t seen as condescending. He’s my pick for 2028. ",approval,Immigration
Conservative,"Marco Rubio Tells Europe Return to Christianity, Reject 3rd World Migration – The Crowd's Response Shows We're Winning! (Video)",This is the man I'm voting for in the Republican primary for president in 2028.,approval,Immigration
Conservative,"Marco Rubio Tells Europe Return to Christianity, Reject 3rd World Migration – The Crowd's Response Shows We're Winning! (Video)",There's a reason why Christiandom fought a war to keep the Ottomans out of Western Europe. They should learn from their own history.,disapproval,Immigration
Conservative,"Marco Rubio Tells Europe Return to Christianity, Reject 3rd World Migration – The Crowd's Response Shows We're Winning! (Video)",Based Marco! This is what I voted for!,approval,Immigration
Conservative,"Marco Rubio Tells Europe Return to Christianity, Reject 3rd World Migration – The Crowd's Response Shows We're Winning! (Video)","I don't care about religion. I can about people assimilating and doing things legally, which most migrants (illegal migrants) do not and the respective countries they have infiltrated need to deport them.",anger,Illegal Immigration
Conservative,"Marco Rubio Tells Europe Return to Christianity, Reject 3rd World Migration – The Crowd's Response Shows We're Winning! (Video)",I can't believe there is a buffoon in the white house when we could have had Rubio.,disappointment,Presidential Politics
Conservative,"Marco Rubio Tells Europe Return to Christianity, Reject 3rd World Migration – The Crowd's Response Shows We're Winning! (Video)","![gif](giphy|5CyJGORW8UrZe)

ETA: Ah, I see the lurkers have arrived. As I educated one of you over the messenger yesterday, western society simply should not carve out a space for everyone.

In fact, some people should feel solidly unwelcome.",disapproval,Immigration
Conservative,"Marco Rubio Tells Europe Return to Christianity, Reject 3rd World Migration – The Crowd's Response Shows We're Winning! (Video)","Love how Rubio emphasized our Christian faith and shared ancestry. Our civilization is worth fighting for, and that starts with securing our borders and protecting our culture from mass migration...",approval,Immigration
Conservative,"Marco Rubio Tells Europe Return to Christianity, Reject 3rd World Migration – The Crowd's Response Shows We're Winning! (Video)",Where does he say to Europe to return to Christianity? I didn't catch that in the speech. Otherwise everything was very well said.,curiosity,Immigration
Conservative,A 23-year-old man named Quentin was brutally beaten to death outside Sciences Po Lyon on 12 February. Militants linked to the Antifa-aligned Jeune Garde movement repeatedly struck him in the head.,"[https://x.com/MrAndyNgo/status/2022353166059118955](https://x.com/MrAndyNgo/status/2022353166059118955)

Andy Ngo's coverage and Collectif Némésis' statement. This young man was assailed by leftists equipped with reinforced gloves while he was providing security for a women's safety group.

Will he receive the same sympathy from French officials as ex-antifa member Clément Méric? President Hollande, PM Ayrault, and Marine Le Pen all offered their sympathies at the time in 2013.",anger,Political Violence
Conservative,A 23-year-old man named Quentin was brutally beaten to death outside Sciences Po Lyon on 12 February. Militants linked to the Antifa-aligned Jeune Garde movement repeatedly struck him in the head.,It's ok to be pro-rape when you're supporting immigrants I guess?,anger,Immigration
Conservative,A 23-year-old man named Quentin was brutally beaten to death outside Sciences Po Lyon on 12 February. Militants linked to the Antifa-aligned Jeune Garde movement repeatedly struck him in the head.,"Terribly tragic. 


The EU has lost itself ",sadness,EU
Conservative,A 23-year-old man named Quentin was brutally beaten to death outside Sciences Po Lyon on 12 February. Militants linked to the Antifa-aligned Jeune Garde movement repeatedly struck him in the head.,Antifa is a terrorist organization.,anger,Antifa
Conservative,A 23-year-old man named Quentin was brutally beaten to death outside Sciences Po Lyon on 12 February. Militants linked to the Antifa-aligned Jeune Garde movement repeatedly struck him in the head.,Antifa is a terror group.,disapproval,Antifa
Conservative,A 23-year-old man named Quentin was brutally beaten to death outside Sciences Po Lyon on 12 February. Militants linked to the Antifa-aligned Jeune Garde movement repeatedly struck him in the head.,Bookmark for next time the left gaslights about antifa being nonviolent,disapproval,Antifa
Conservative,A 23-year-old man named Quentin was brutally beaten to death outside Sciences Po Lyon on 12 February. Militants linked to the Antifa-aligned Jeune Garde movement repeatedly struck him in the head.,Chinese cultural revolution all over again.,anger,Political violence
Conservative,A 23-year-old man named Quentin was brutally beaten to death outside Sciences Po Lyon on 12 February. Militants linked to the Antifa-aligned Jeune Garde movement repeatedly struck him in the head.,Anti fascists are like the democratic republic of North korea,disapproval,Political Extremism
Conservative,A 23-year-old man named Quentin was brutally beaten to death outside Sciences Po Lyon on 12 February. Militants linked to the Antifa-aligned Jeune Garde movement repeatedly struck him in the head.,Do you know what time it is?,anger,Political Violence
Conservative,"Trump Reportedly Called Police About Epstein in 2006, Decried Ghislaine Maxwell as ‘Evil’",r/politics deleting all mentions of this part ,annoyance,Trump
Conservative,"Trump Reportedly Called Police About Epstein in 2006, Decried Ghislaine Maxwell as ‘Evil’",[removed],neutral,Undetermined
Conservative,"Trump Reportedly Called Police About Epstein in 2006, Decried Ghislaine Maxwell as ‘Evil’","Don't expect a liberal to believe this. Its well outside their delusional comfort zone. They will call it fake news or create a narrative that Trump had a real estate argument with Epstein and this was his retaliation. Or any other such deflection....

I have seen articles where he supposedly blew the whistle on Epstein, banned him from the club and all that.",annoyance,Political Bias
Conservative,"Trump Reportedly Called Police About Epstein in 2006, Decried Ghislaine Maxwell as ‘Evil’",[deleted],neutral,N/A
Conservative,Accidentally-released Chinese budget documents reveal Beijing paid Eileen Gu and Beverly Zhu more than $6 million to compete for China in the 2026 Winter Olympics,I'm more concerned why the Chinese govt is covering it up than them paying athletes to compete for them. Are they being paid to compete or as foreign agents to sow discord in the US? ,disapproval,Foreign Relations
Conservative,Accidentally-released Chinese budget documents reveal Beijing paid Eileen Gu and Beverly Zhu more than $6 million to compete for China in the 2026 Winter Olympics,"Hmm, sounds like they just renounced their citizenship...",realization,Citizenship
Conservative,Accidentally-released Chinese budget documents reveal Beijing paid Eileen Gu and Beverly Zhu more than $6 million to compete for China in the 2026 Winter Olympics,"![gif](giphy|dPLuUTadyGjxupHz0Y)

",surprise,Sports Funding
Conservative,Accidentally-released Chinese budget documents reveal Beijing paid Eileen Gu and Beverly Zhu more than $6 million to compete for China in the 2026 Winter Olympics,Sellout,disapproval,China Sports
Conservative,Accidentally-released Chinese budget documents reveal Beijing paid Eileen Gu and Beverly Zhu more than $6 million to compete for China in the 2026 Winter Olympics,"There have been a shit ton of (barely) athletes who aren't really good at their sport, and have represented a different country as they have dual citizenship.   I couldn't care less if fat Jerry from Idaho who could barely make his High School swim team competes in the 100m Freestyle for a tiny country that literally doesn't even have a swim team.   

This is extremely different.  She would have absolutely made the US team. 

Why a shitty human being she is.",disapproval,Sports Diplomacy
Conservative,Accidentally-released Chinese budget documents reveal Beijing paid Eileen Gu and Beverly Zhu more than $6 million to compete for China in the 2026 Winter Olympics,Sounds like … traitor,anger,National Loyalty
Conservative,Accidentally-released Chinese budget documents reveal Beijing paid Eileen Gu and Beverly Zhu more than $6 million to compete for China in the 2026 Winter Olympics,"China has been this in Asia for a long time. Stealing athletes, technologies, etc to speed up China's development.",disapproval,China's practices
Conservative,Accidentally-released Chinese budget documents reveal Beijing paid Eileen Gu and Beverly Zhu more than $6 million to compete for China in the 2026 Winter Olympics,Is there anything more American than taking money from commies to bash America?  /s,annoyance,US-China Relations
Conservative,Accidentally-released Chinese budget documents reveal Beijing paid Eileen Gu and Beverly Zhu more than $6 million to compete for China in the 2026 Winter Olympics,Dang.   Who wouldn’t?,realization,Olympics
Conservative,ICE agent severely hit in head with rock as lawless lefty high school rioters in downtown Los Angeles clash,Los Angeles needs to be the next city for mass ICE deployments,desire,Immigration
Conservative,ICE agent severely hit in head with rock as lawless lefty high school rioters in downtown Los Angeles clash,Prison,anger,Law Enforcement
Conservative,ICE agent severely hit in head with rock as lawless lefty high school rioters in downtown Los Angeles clash,"The peaceful left on display everyone, yet here in Reddit they will say they deserve it",disapproval,Political violence
Conservative,ICE agent severely hit in head with rock as lawless lefty high school rioters in downtown Los Angeles clash,"&gt;Police are poised to punish a group of adults who joined hundreds of children in a mass walkout demonstration against ICE and Donald Trump in Fresno County.

Encouraging kids and teenagers to riot gives off peak pedophilia energy",disgust,Immigration
Conservative,ICE agent severely hit in head with rock as lawless lefty high school rioters in downtown Los Angeles clash,Throw all those rioters in jail. Maybe then their commie teachers will think twice before sending their classrooms I to a war zone the left has created.,anger,Law and Order
Conservative,ICE agent severely hit in head with rock as lawless lefty high school rioters in downtown Los Angeles clash,"With some of the signs I’ve seen printed up by the HS kids, what it has show me is all they really want to do is cut classes and get on their phones.  ",disapproval,Protest
Conservative,ICE agent severely hit in head with rock as lawless lefty high school rioters in downtown Los Angeles clash,Charge them with attempted murder.,anger,Law enforcement
Conservative,ICE agent severely hit in head with rock as lawless lefty high school rioters in downtown Los Angeles clash,Do leftists think all their chaos is a good look for them? It’s just embarrassing.,embarrassment,Political Protest
Conservative,ICE agent severely hit in head with rock as lawless lefty high school rioters in downtown Los Angeles clash,"Someone needs to look into the legality of these teachers and principles allowing these students to leave class for liberal leaning causes. Obviously these are the causes that the teachers support and the schools support. But what it ALSO does is makes the other students totally uncomfortable, probably bullied, because they don't believe in the causes the other students do. And they're taking them out out of class which is ridiculous, especially in LA given their horrible scores. Plus these kids have no life experience. They have no idea what they're looking at or protesting about. It's all fashion to them. And of course a way to skip school.",disapproval,Education
Conservative,ICE agent severely hit in head with rock as lawless lefty high school rioters in downtown Los Angeles clash,"Let me guess, 'a fierce but mostly peaceful attack' on that ICE officer?",annoyance,Immigration
Conservative,The Arrogance of Migrants Is Something to Behold,"This thread has been so heavily reported that I, Automoderator, decided to promote our other socials.  [Follow us on X.com](https://x.com/rcondiscord) and [join us on Discord](https://discord.com/invite/conservative).

*I am a bot, and this action was performed automatically. Please [contact the moderators of this subreddit](/message/compose/?to=/r/Conservative) if you have any questions or concerns.*",neutral,Immigration
Conservative,The Arrogance of Migrants Is Something to Behold,"They do not want to adapt to our modern Western society, they want to impose theirs.",disapproval,Immigration
Conservative,The Arrogance of Migrants Is Something to Behold,"Omar and her people openly hate and despise America and its people. 

Yet they’ll gladly take our money in the form of fraudulent Medicaid, child care services and taxes.

That’s Arrogance with an English capital A",anger,Immigration
Conservative,The Arrogance of Migrants Is Something to Behold,“Some people did something“ will forever ring in my ears by this ingrate. ,disapproval,Immigration
Conservative,The Arrogance of Migrants Is Something to Behold,You don’t have to be grateful when you’re invading…. That’s what they’re doing.,anger,Immigration
Conservative,The Arrogance of Migrants Is Something to Behold,"I mean, can you really be shocked by it? If you are raised or brought into a system where you are constantly shielded from criticism and defended no matter what you do, arrogance becomes almost inevitable. When there are always people running damage control for you, framing every issue as someone else’s fault, and refusing to hold you accountable, that creates a certain mindset.

If you move to a Western country and quickly realize that large segments of the political class and media will defend you by default, even when you behave poorly, of course some people are going to internalize that. Anyone would start feeling untouchable in that environment.

Arrogance does not appear out of nowhere. It grows when people learn that there are no social or institutional consequences for their actions. If you build a system that rewards entitlement and discourages accountability, you should not be surprised when entitlement increases.",disapproval,Immigration
Conservative,The Arrogance of Migrants Is Something to Behold,"This article describes an invasion,  not peaceful immigration.",disapproval,Immigration
Conservative,The Arrogance of Migrants Is Something to Behold,"100% agreed. But its because theyre propped up by the woke left. If the first time the European cities deported someone for building a minaret in a European city, we wouldn't be in this environment.",disapproval,Immigration
Conservative,The Arrogance of Migrants Is Something to Behold,I read the whole article and watched the videos.   It's terrifying ti see what is happening in the UK and here in our cities.,fear,Immigration
Conservative,The Arrogance of Migrants Is Something to Behold,TDS,disapproval,Immigration
Conservative,"AOC at the Munich Security Conference: “Um... you know... I think that, uh, uh.... this is such a... uh... you know, I... thi... think that this is uh... umm.... this is of course a... uh... A very longstanding, um.... policy.""",Why is she even there?  She’s not on the intelligence or homeland security committees.  She literally has nothing to contribute to the Security Conference.,disapproval,Foreign Policy
Conservative,"AOC at the Munich Security Conference: “Um... you know... I think that, uh, uh.... this is such a... uh... you know, I... thi... think that this is uh... umm.... this is of course a... uh... A very longstanding, um.... policy.""",Is she trying to mimic Kamala? What the fuck is with these “presidential” contenders?,annoyance,US Politics
Conservative,"AOC at the Munich Security Conference: “Um... you know... I think that, uh, uh.... this is such a... uh... you know, I... thi... think that this is uh... umm.... this is of course a... uh... A very longstanding, um.... policy.""","They elected a bartender, dude. My favorite bartender is fucking awesome, but I wouldn’t ask him to speak at foreign leaders at the Munich Security Conference. I do know one guy who went to law school while tending bar, hed be way better.",disapproval,Political Qualifications
Conservative,"AOC at the Munich Security Conference: “Um... you know... I think that, uh, uh.... this is such a... uh... you know, I... thi... think that this is uh... umm.... this is of course a... uh... A very longstanding, um.... policy.""","This is hilarious if you compare it to Rubio at the Munich Security Conference. And some Democrats are talking her up for a 2028 campaign. 🙄

WSJ: [Rubio Seeks to Reassure European Allies in Munich Speech](https://www.wsj.com/world/europe/rubio-seeks-to-reassure-european-allies-in-munich-speech-e46f8805?st=FCzXK4&amp;reflink=desktopwebshare_permalink)",annoyance,Foreign Policy
Conservative,"AOC at the Munich Security Conference: “Um... you know... I think that, uh, uh.... this is such a... uh... you know, I... thi... think that this is uh... umm.... this is of course a... uh... A very longstanding, um.... policy.""","She's dumber than a stump. Anything beyond bouncing around on stage yelling like an imbecile is entirely beyond her. 


That won't stop her running for higher office though. You've only to look at what happened with Biden to know the puppet masters could easily work behind the scenes to keep her out of the spotlight and further embarrassing herself. ",anger,Political Figures
Conservative,"AOC at the Munich Security Conference: “Um... you know... I think that, uh, uh.... this is such a... uh... you know, I... thi... think that this is uh... umm.... this is of course a... uh... A very longstanding, um.... policy.""",Sandy wants to be the new Kami. ,disapproval,US Politics
Conservative,"AOC at the Munich Security Conference: “Um... you know... I think that, uh, uh.... this is such a... uh... you know, I... thi... think that this is uh... umm.... this is of course a... uh... A very longstanding, um.... policy.""",She's 100% getting paid by CCP or an affiliate... How is this a difficult question unless you're trying really hard to not piss off some big money donors?,disapproval,Political Corruption
Conservative,"AOC at the Munich Security Conference: “Um... you know... I think that, uh, uh.... this is such a... uh... you know, I... thi... think that this is uh... umm.... this is of course a... uh... A very longstanding, um.... policy.""",Spoken like a true dingbat.,disapproval,Political Discourse
Conservative,"AOC at the Munich Security Conference: “Um... you know... I think that, uh, uh.... this is such a... uh... you know, I... thi... think that this is uh... umm.... this is of course a... uh... A very longstanding, um.... policy.""",did she go to the joe biden center for politicians who can't speak good (and who wanna learn to do other stuff good too)?,annoyance,Political Communication
Conservative,"AOC at the Munich Security Conference: “Um... you know... I think that, uh, uh.... this is such a... uh... you know, I... thi... think that this is uh... umm.... this is of course a... uh... A very longstanding, um.... policy.""",Was there any follow up to this non-response?,curiosity,Foreign Policy
Conservative,How Conservatives Deny People Their Right To Vote,Literally fascism /s,disapproval,Voting Rights
Conservative,How Conservatives Deny People Their Right To Vote,Stay tuned next week when Hillary invokes Moloch to reanimate Senator Feinstein’s corpse to march into the capitol like Weekend At Bernies and launch a 4 hour physical filibuster until it eats Temu and Pocahontas’s brains and drops from rabbit starvation.,amusement,US Politics
Conservative,How Conservatives Deny People Their Right To Vote,I like the message but thats not how a pie chart works. ,approval,Voting Rights
Conservative,How Conservatives Deny People Their Right To Vote,Biden excluded from voting then on the account he is a potato,disapproval,Elections
Conservative,How Conservatives Deny People Their Right To Vote,[removed],neutral,Voting Rights
Conservative,Judge Boasberg Orders Trump Admin to Return Illegal Aliens Deported to El Salvador,"What a Joke, these judges are making a mockery of our legal system. How many times does this activist judge need to get smacked down by higher courts before he is held accountable.",anger,Immigration
Conservative,Judge Boasberg Orders Trump Admin to Return Illegal Aliens Deported to El Salvador,These so called judges should be be banished from the court system forever. Anti American sacks of shit shouldn’t have any authority in our country,anger,Immigration
Conservative,Judge Boasberg Orders Trump Admin to Return Illegal Aliens Deported to El Salvador,Impeach these judges.,disapproval,Immigration
Conservative,Judge Boasberg Orders Trump Admin to Return Illegal Aliens Deported to El Salvador,"\&gt;ignore &gt;nothing happens

\&gt;sets the table for next time",disapproval,Immigration
Conservative,Judge Boasberg Orders Trump Admin to Return Illegal Aliens Deported to El Salvador,"I thought he said ""facilitate"".",confusion,Immigration
Conservative,Judge Boasberg Orders Trump Admin to Return Illegal Aliens Deported to El Salvador,I seem to recall this nut doing stuff a lot.,disapproval,Immigration
Conservative,Judge Boasberg Orders Trump Admin to Return Illegal Aliens Deported to El Salvador,"![gif](giphy|fXnRObM8Q0RkOmR5nf)

",surprise,Immigration
Conservative,Judge Boasberg Orders Trump Admin to Return Illegal Aliens Deported to El Salvador,"Even if Boasberg had the authority to issue such an order (he doesn't), Trump couldn't do it. They're criminal foreign nationals who were not legally present in the US, who are now in the custody of a foreign government.",disapproval,Immigration
Conservative,GOP Secures Votes Needed to Pass the SAVE Act,"Now to actually do it.

And to see if it makes major dents in Democrat holdings.",desire,Legislation
Conservative,GOP Secures Votes Needed to Pass the SAVE Act,"How is there any such thing as a silent filibuster. The entire point of it is to enforce open debate, you can't do that without talking.",confusion,Filibuster
Conservative,GOP Secures Votes Needed to Pass the SAVE Act,"Charlie Kirk perfectly described Susan Collins. She’s in a blue state and thus votes against Reps a lot, but when it actually matters for us, she votes with Reps. Case in point. Thank you!",gratitude,Immigration
Conservative,GOP Secures Votes Needed to Pass the SAVE Act,"I'm worried about the citizenship provision. I have my birth certificate but my last name has changed 4 times and documenting that paper trail would be cost-prohibitive, especially since three of my four divorces took place in another state.

I have voted in every presidential election for more than 40 years and it would chap my hide if I can't going forward, although I understand the need for this measure.",fear,Voting Rights
Conservative,GOP Secures Votes Needed to Pass the SAVE Act,Let’s do it! It’s good for both sides even one side doesn’t want to admit it. ,approval,Immigration
Conservative,GOP Secures Votes Needed to Pass the SAVE Act,"Serious news if it works out this way.
It'll be interesting to see the standing filibuster again rather than the lazy-ass silent one.

The majority of the country wants voter ID... like basically every other democracy on planet Earth.",curiosity,Voter ID
Conservative,GOP Secures Votes Needed to Pass the SAVE Act,"Nice majority of Americans support this idk why people would be against it. You need ID for everything else. Renting a car, home , checking into a hotel, buying alcohol, guns , tobacco ect. why aren’t people fighting ID requirements for that?",approval,Immigration
Conservative,GOP Secures Votes Needed to Pass the SAVE Act,"I credit some of Trump's victory in 2024 to the changes that were made post-Covid, and the large number of Republican poll watchers that prevented old fashioned ""broken water line"" shenanigans.  The SAVE act is one more step and I hope it passes.",optimism,Election Integrity
Conservative,GOP Secures Votes Needed to Pass the SAVE Act,Good!,approval,Immigration
Conservative,GOP Secures Votes Needed to Pass the SAVE Act,This is a huge win.,approval,Immigration
Conservative,"Happy Valentine’s Day, Democrats!",![gif](giphy|f2KExJNuBjahb5Z2y2),neutral,Political Parties
Conservative,"Happy Valentine’s Day, Democrats!",![gif](giphy|6JzM6pW8Sa8loWxBmt),neutral,Political Parties
Conservative,"Happy Valentine’s Day, Democrats!",One of the most coherent things he ever said said.,disapproval,Political Communication
Conservative,"Happy Valentine’s Day, Democrats!",Horrific president,disapproval,Presidency
Conservative,"Happy Valentine’s Day, Democrats!",![gif](giphy|3UfcT9TFUhMin2UH4Z|downsized),neutral,Political Parties
Conservative,"Happy Valentine’s Day, Democrats!",Biden died in 19 I'm not sure who that is.,confusion,Biden
Conservative,"Happy Valentine’s Day, Democrats!","""there is a men on the moon, those aliens are here or not"" - Biden after being asked about vaccines.

i loved the men, he gave me the best quotes and comedy you could ask for, like ""Poor kids are just as bright and just as talented as white kids"",  or when he forgot about Kamala and said ""my Vice President Trump"", calling Zalenesky ""President Putin"", or ""The only garbage I see floating out there is his supporters"" about Trump supporters.

The men was iconic comedy, he should have gone to SNL instead of politics.",amusement,Political Gaffes
Conservative,"Happy Valentine’s Day, Democrats!","Biden needs to post this on the *""i had a stroke""* sub",disapproval,Biden
Conservative,"Happy Valentine’s Day, Democrats!","Roses are red

violets are blue.

Cannibals ate his uncle.

Love you.

[https://share.google/ZqTy0iJjjrJMfi63j](https://share.google/ZqTy0iJjjrJMfi63j)",amusement,Political Parties
Conservative,White House rips NYC Councilman Chi Ossé for calling Trump ‘pedophile’,"It’s an obscene double standard that the left can run around freely calling our president a ‘pedo’ without credible evidence, yet if we raise concerns about what they’ve been doing to children for years, and the malpractice lawsuits now being won against them over it, we risk getting banned and/or deplatformed.",anger,Free Speech
Conservative,White House rips NYC Councilman Chi Ossé for calling Trump ‘pedophile’,"Pretty soon that word will carry the same weight as racist, misogynist, etc.",disapproval,Political Language
Conservative,White House rips NYC Councilman Chi Ossé for calling Trump ‘pedophile’,Dems new favorite insult,annoyance,Political Discourse
Conservative,White House rips NYC Councilman Chi Ossé for calling Trump ‘pedophile’,This is all they have left.,annoyance,Political rhetoric
Conservative,"Mayor Frey Calls ICE 'Roving Gangs' Nabbing Brown People, CNN's Collins Says Nothing",Maybe Frey should be deported to Somalia along with Omar,anger,Immigration
Conservative,"Mayor Frey Calls ICE 'Roving Gangs' Nabbing Brown People, CNN's Collins Says Nothing","![gif](giphy|CBd2RJor59e6I)

Communist News Network at it's finest. Trump is right about Kaitlan Collins, she is ""the worst reporter"". ",disapproval,Media Criticism
Conservative,"Mayor Frey Calls ICE 'Roving Gangs' Nabbing Brown People, CNN's Collins Says Nothing","why would cnn et al. nothing but a liberal Democrat party ad and PR networks do otherwise?



",annoyance,Media Bias
Conservative,"Mayor Frey Calls ICE 'Roving Gangs' Nabbing Brown People, CNN's Collins Says Nothing",![gif](giphy|d7mMzaGDYkz4ZBziP6),disapproval,Immigration
Conservative,"Mayor Frey Calls ICE 'Roving Gangs' Nabbing Brown People, CNN's Collins Says Nothing",Fair and balanced!,annoyance,Immigration
Conservative,Cal State prof warns scrapping SAT in name of ‘inclusivity’ is leaving students unprepared,"We have [Harvard doing remedial math now.](https://www.realcleareducation.com/2025/03/20/harvard_launches_new_remedial_math_course_1098873.html) At some point, people have to realize that it was all meant to destroy our institutions, not provide access.",disapproval,Education
Conservative,Cal State prof warns scrapping SAT in name of ‘inclusivity’ is leaving students unprepared,"His assertion is false. The SAT measures skills. Not using it means that skills are not measured. That doesn't leave anyone ""unprepared"".

What leaves students ""unprepared"" is the failure of the K-12 teachers to actually teach them the skills they need to function as adults or do college level work.

This is not an accident, it was intentional.

Further, lack of those skills is only a minor handicap in college, since most schools have dumbed down their courses to ensure that incoming students who are unable to do college level work don't flunk out and take their student loan money away.

What leaves college graduates ""unprepared"" is the willingness of schools like Cal State to give them a degree without teaching them anything useful, leaving them tens of thousands of dollars in debt with no marketable skills.",anger,Education Reform
Conservative,Cal State prof warns scrapping SAT in name of ‘inclusivity’ is leaving students unprepared,Who would have thought???? The stupidity of modern educators knows no bounds.,annoyance,Education Policy
Conservative,Cal State prof warns scrapping SAT in name of ‘inclusivity’ is leaving students unprepared,Why do you think UCSD released the report about how few?students are proficient in math.  With grade inflation and no SAT they are flying blind with admissions,disapproval,Education Policy
Conservative,Cal State prof warns scrapping SAT in name of ‘inclusivity’ is leaving students unprepared,Soft bigotry of low expectations.,disapproval,Education Policy
Conservative,Cal State prof warns scrapping SAT in name of ‘inclusivity’ is leaving students unprepared,Duh.,annoyance,Education Policy
Conservative,Cal State prof warns scrapping SAT in name of ‘inclusivity’ is leaving students unprepared,Former professor now.,neutral,Education Policy
Conservative,Cal State prof warns scrapping SAT in name of ‘inclusivity’ is leaving students unprepared,"Nothing I did in college was represented in the SAT. It’s a piss-poor metric for evaluating future success, just like every other standardized test.",disapproval,Standardized Testing
Conservative,Mamdani Calls for the Release of Knife Wielding Man Who Charged New York Cops,"Absolutely, Mr. Mayor.  Perhaps he can stay at the mayor's mansion during rehabilitation.   Had only social workers been on site, instead of police, those workers would have likely been killed.",disapproval,Policing
Conservative,Mamdani Calls for the Release of Knife Wielding Man Who Charged New York Cops,Will there also be an apology for trampling the rights of the mostly peaceful guy who attacked officers while wielding a knife? GoFundMe campaign? Keys to the city?,annoyance,Criminal Justice
Conservative,Mamdani Calls for the Release of Knife Wielding Man Who Charged New York Cops,who knew releasing attempted cop killers is how he defunds the police,disapproval,Police Funding
Conservative,Mamdani Calls for the Release of Knife Wielding Man Who Charged New York Cops,"Take away these politicians private, armed, taxpayer funded security detail, and this would all go away. The streets would be safe.  We citizens are too far removed from common sense to make a move. Btw, who are the scumbags a
protecting this monster.  If cops, they should resign in disgrace",anger,Law Enforcement
Conservative,Mamdani Calls for the Release of Knife Wielding Man Who Charged New York Cops,"Just a tactic to make normal people give up on holding standards and accountability.

More clown world crap and virtue signalling to the bottom of society. ",disapproval,Criminal Justice
Conservative,Mamdani Calls for the Release of Knife Wielding Man Who Charged New York Cops,"The guy can be released straight into a mental facility. Apparently his family wasn't doing much to make sure he was getting and staying on his treatment so they cannot be entrusted with his welfare. I feel bad for him, mental illness is a bitch,  but somebody that violent does not to be out roaming the streets.

Asylums really need to make a comeback.",disapproval,Mental Healthcare
Conservative,Mamdani Calls for the Release of Knife Wielding Man Who Charged New York Cops,You can’t make this 💩 up.,disapproval,Law Enforcement
Conservative,Mamdani Calls for the Release of Knife Wielding Man Who Charged New York Cops,"Good thing NYPD doesn't have to listen to him. He could fire Tisch and install a crony as commissioner (which I suspect will happen considering his fascist machinations of arresting people and Jews in particular), but that would be a clear campaign promise violation.",anger,Civil Liberties
Conservative,Mamdani Calls for the Release of Knife Wielding Man Who Charged New York Cops,"I don't understand him so say they do release the guy and three days later he brutally murders his entire family. He is already mayor at least cherry pick the easy low risk virtue signals now. 

Makes me think he actually believes the crap he spews out. I figured the guy was just playing everyone apparently he really is a nutcase.",disapproval,Criminal Justice
Conservative,Mamdani Calls for the Release of Knife Wielding Man Who Charged New York Cops,"lol NYC getting their cake and eating it too 
🤣👌",amusement,Criminal Justice
Conservative,ICE Nabs Illegal Alien ‘Monster’ With Six Convictions In Democrat-led California,"“convictions for assault with a deadly weapon, vehicle hit-and-run, false imprisonment, grand theft, evading police, and driving under the influence”  

These are the people leftists are trying to protect with their anti-ice protests ",disapproval,Immigration Enforcement
Conservative,ICE Nabs Illegal Alien ‘Monster’ With Six Convictions In Democrat-led California, Nice job ICE!,approval,Immigration
Conservative,ICE Nabs Illegal Alien ‘Monster’ With Six Convictions In Democrat-led California,"New hero of the democrat party and mockingbird media, described as the 'California man' ?",disapproval,Immigration
Conservative,ICE Nabs Illegal Alien ‘Monster’ With Six Convictions In Democrat-led California,It’s mind boggling how people can be so against getting these criminals off of the streets,annoyance,Immigration
Conservative,ICE Nabs Illegal Alien ‘Monster’ With Six Convictions In Democrat-led California,How much was raised on his GoFundMe champion? ,annoyance,Immigration
Conservative,Communist China Reportedly Paid US-Born Olympic Skier Eileen Gu Millions in 2025,"It wasn’t that long ago that sex-selective abortions were a thing. Crazy to have everything America offers, take advantage of all of it, and kiss the boot of a communist country like China.",disapproval,China
Conservative,Communist China Reportedly Paid US-Born Olympic Skier Eileen Gu Millions in 2025,Looks like the bribe paid off,disapproval,China
Conservative,Communist China Reportedly Paid US-Born Olympic Skier Eileen Gu Millions in 2025,This is basically a copy of another post. Chinese Olympic Athletes get paid more by the country. It gives them incentive to win. The US should also do something similar honestly. We provide little to no support for up and coming athletes and don’t reward winners. You end up getting disgruntled athletes like we are seeing now who shame the US. When given a platform.,disapproval,Sports Policy
Conservative,Communist China Reportedly Paid US-Born Olympic Skier Eileen Gu Millions in 2025,"While I agree with the prevailing sentiment that Olympic athletes should get more support, especially medal winners, that doesn't excuse what it's essentially athletic treason. Fuck this lady and her communist dick riding apologetics.",anger,China
Conservative,Communist China Reportedly Paid US-Born Olympic Skier Eileen Gu Millions in 2025,What does it matter?,neutral,China Influence
Conservative,Communist China Reportedly Paid US-Born Olympic Skier Eileen Gu Millions in 2025,"Another reason birthright citizenship is the dumbest shit this country has ever allowed. Country’s all over the world take advantage of the stupidity of the leftists in our country. 

China literally has an entire industry for birther tourism to come over, plop out a baby, then fly back and the baby is now a citizen",annoyance,Birthright Citizenship
Conservative,Communist China Reportedly Paid US-Born Olympic Skier Eileen Gu Millions in 2025,"Folks here that hate China - do you also boycott Chinese goods, or nah? My point is: who cares about this skier or if she ""sold out"". Is skiing some kind of sacred sport?",annoyance,US-China Relations
Conservative,Communist China Reportedly Paid US-Born Olympic Skier Eileen Gu Millions in 2025,Makes sense,neutral,China-US relations
Conservative,Communist China Reportedly Paid US-Born Olympic Skier Eileen Gu Millions in 2025,Of course they did. China fakes everything.,disapproval,China
Conservative,Communist China Reportedly Paid US-Born Olympic Skier Eileen Gu Millions in 2025,"These days, people with dual citizenship can choose whatever country they wanna represent. It makes sense whoever pays more, that's what you go for. 


China really bend backwards for her as dual citizenship is actually illegal in China. And it's a huge controversy even in China that she got special treatment. ",neutral,Dual Citizenship
Conservative,"Once again, I've got to agree with democratic senator John Fetterman...",Just tells you how bad Democrats are when they think their most reasonable Senator is crazy.,disapproval,Democratic Party
Conservative,"Once again, I've got to agree with democratic senator John Fetterman...","Had this discussion earlier today.  I would never have guessed in 2022 that fetterman was the best that the democrats could offer.  

I don’t agree with him on many issues, but he at least possesses common sense the majority of the time.",surprise,Political Figures
Conservative,"Once again, I've got to agree with democratic senator John Fetterman...",Are they still blowing whistles too? lol,amusement,Political Tactics
Conservative,"Once again, I've got to agree with democratic senator John Fetterman...","I think it is more that Fetterman is actually agreeing with Conservatives, not that we are agreeing with him.",neutral,Political Alignment
Conservative,Happy Valentine’s Day,I lost my shit on the “love you like a brother” one. Well done.,amusement,None
Conservative,Happy Valentine’s Day,Fantastic.,approval,Not applicable
Conservative,Happy Valentine’s Day,The ilhan omar one🤣,amusement,Ilhan Omar
Conservative,Happy Valentine’s Day,Fricken amazing!!!,excitement,None
Conservative,Happy Valentine’s Day,OMG BEST VALENTINES EVER!,excitement,Not political
Conservative,Happy Valentine’s Day,I love seeing these every year,love,None
Conservative,Happy Valentine’s Day,sending him the “you captivate me” one. will report back.,desire,None
Conservative,Happy Valentine’s Day,Lol I love these. It's nice to see something not so serious on a subreddit like this.,amusement,None
Conservative,Happy Valentine’s Day,"These are incredible, especially the one about illegal aliens.",admiration,Immigration
Conservative,Happy Valentine’s Day,[deleted],neutral,Not applicable
Conservative,"AOC accuses Israel of genocide in Germany where Holocaust was launched, sparking outrage - Ocasio Cortez says US aid to Israel 'enabled a genocide in Gaza'",Idiot. This woman being a “leader” in her party is all you need to know about the current state of democrats.,disapproval,Gaza Conflict
Conservative,"AOC accuses Israel of genocide in Germany where Holocaust was launched, sparking outrage - Ocasio Cortez says US aid to Israel 'enabled a genocide in Gaza'","Please, AOC. Keep making these gaffes. Turn off more moderate voters. 🍿",desire,US-Israel Relations
Conservative,"AOC accuses Israel of genocide in Germany where Holocaust was launched, sparking outrage - Ocasio Cortez says US aid to Israel 'enabled a genocide in Gaza'",Does she know a lot of young people grew up learning about the holocaust? I’m a millennial who had a holocaust survivor speak in my 8th grade class and that shit hit hard. It feels surreal that no one seems to give a shit about that today.,disappointment,Israel-Palestine Conflict
Conservative,"AOC accuses Israel of genocide in Germany where Holocaust was launched, sparking outrage - Ocasio Cortez says US aid to Israel 'enabled a genocide in Gaza'",Calling her an idiot is an insult to idiots everywhere.,disapproval,Israel-Gaza
Conservative,"AOC accuses Israel of genocide in Germany where Holocaust was launched, sparking outrage - Ocasio Cortez says US aid to Israel 'enabled a genocide in Gaza'",Is her argument that pushing Israel up against a wall would result in *less* destruction of Israel's hostile neighbors? I don't think they've thought this out.,disapproval,Israel-Palestine Conflict
Conservative,"AOC accuses Israel of genocide in Germany where Holocaust was launched, sparking outrage - Ocasio Cortez says US aid to Israel 'enabled a genocide in Gaza'","I’d say she’s an idiot, though, I believe she’s just evil",disapproval,Israel-Palestine
Conservative,"AOC accuses Israel of genocide in Germany where Holocaust was launched, sparking outrage - Ocasio Cortez says US aid to Israel 'enabled a genocide in Gaza'","Unbelievable,

![gif](giphy|h8HmN0UcEKR0xWnv3R)",disapproval,Israel-Gaza conflict
Conservative,"AOC accuses Israel of genocide in Germany where Holocaust was launched, sparking outrage - Ocasio Cortez says US aid to Israel 'enabled a genocide in Gaza'",She's not their brightest.,disapproval,Israel-Palestine
Conservative,"AOC accuses Israel of genocide in Germany where Holocaust was launched, sparking outrage - Ocasio Cortez says US aid to Israel 'enabled a genocide in Gaza'","She's a little behind the times. Now that the war is over, we know there was no genocide in Gaza.

Of course, people with common sense who were paying attention already knew that, but now it has been exposed for the masses.",disapproval,Gaza Conflict
Conservative,"AOC accuses Israel of genocide in Germany where Holocaust was launched, sparking outrage - Ocasio Cortez says US aid to Israel 'enabled a genocide in Gaza'",Talk about scraping the bottom of the barrel.....this is democrats next superstar?,disapproval,US-Israel Relations
Conservative,"Trump tears into 'jerk' Bill Maher on Truth Social, says hosting him at White House was 'total waste of time'","Outside of his ridiculously Bergham-related CO2 vs CO comments, Maher has been reasonably sane lately.

47 should pick his battles.",disapproval,Political Figures
Conservative,"Trump tears into 'jerk' Bill Maher on Truth Social, says hosting him at White House was 'total waste of time'",He just can't help himself.,disapproval,Trump
Conservative,"Trump tears into 'jerk' Bill Maher on Truth Social, says hosting him at White House was 'total waste of time'","![gif](giphy|FRNHZlO5IyvHyAorZI)

",amusement,Political Commentary
Conservative,"Trump tears into 'jerk' Bill Maher on Truth Social, says hosting him at White House was 'total waste of time'","Maher is a smug liberal with his head readily adjacent to his ass instead of constantly being in it.  This makes him more tolerable than most left talking heads.  

Still though, who cares?  No one gives a shit!  ",annoyance,Political Commentary
Conservative,"AOC: “[W]hat we identify is that in a rules-based order, hypocrisy is vulnerability. And so I think what we are seeking is a return to a rules-based order that eliminates the hypocrisies around when too often in the West we look the other way for inconvenient populations to act out these paradoxes.”",Is Harris her new speech writer?,annoyance,International Relations
Conservative,"AOC: “[W]hat we identify is that in a rules-based order, hypocrisy is vulnerability. And so I think what we are seeking is a return to a rules-based order that eliminates the hypocrisies around when too often in the West we look the other way for inconvenient populations to act out these paradoxes.”",Very deep. Very profound. Very presidential.,disapproval,International Relations
Conservative,"AOC: “[W]hat we identify is that in a rules-based order, hypocrisy is vulnerability. And so I think what we are seeking is a return to a rules-based order that eliminates the hypocrisies around when too often in the West we look the other way for inconvenient populations to act out these paradoxes.”","The Democrats are known for having double standards, which I regard as hypocrisy. What exactly does she intend to do about this?",disapproval,Political Hypocrisy
Conservative,"AOC: “[W]hat we identify is that in a rules-based order, hypocrisy is vulnerability. And so I think what we are seeking is a return to a rules-based order that eliminates the hypocrisies around when too often in the West we look the other way for inconvenient populations to act out these paradoxes.”",What the hell is she saying ,confusion,International Relations
Conservative,"AOC: “[W]hat we identify is that in a rules-based order, hypocrisy is vulnerability. And so I think what we are seeking is a return to a rules-based order that eliminates the hypocrisies around when too often in the West we look the other way for inconvenient populations to act out these paradoxes.”",Is she talking about the Somalis in Minneapolis again?,annoyance,Immigration
Conservative,"AOC: “[W]hat we identify is that in a rules-based order, hypocrisy is vulnerability. And so I think what we are seeking is a return to a rules-based order that eliminates the hypocrisies around when too often in the West we look the other way for inconvenient populations to act out these paradoxes.”",That’s some word salad.,confusion,International Relations
Conservative,"AOC: “[W]hat we identify is that in a rules-based order, hypocrisy is vulnerability. And so I think what we are seeking is a return to a rules-based order that eliminates the hypocrisies around when too often in the West we look the other way for inconvenient populations to act out these paradoxes.”",Kalama 2.0 has entered the chat,disapproval,International Relations
Conservative,"AOC: “[W]hat we identify is that in a rules-based order, hypocrisy is vulnerability. And so I think what we are seeking is a return to a rules-based order that eliminates the hypocrisies around when too often in the West we look the other way for inconvenient populations to act out these paradoxes.”",Huh????,confusion,International Relations
Conservative,"AOC: “[W]hat we identify is that in a rules-based order, hypocrisy is vulnerability. And so I think what we are seeking is a return to a rules-based order that eliminates the hypocrisies around when too often in the West we look the other way for inconvenient populations to act out these paradoxes.”","@Grok, what the hell is she trying to say?",confusion,International Relations
Conservative,"AOC: “[W]hat we identify is that in a rules-based order, hypocrisy is vulnerability. And so I think what we are seeking is a return to a rules-based order that eliminates the hypocrisies around when too often in the West we look the other way for inconvenient populations to act out these paradoxes.”",All you have to do… the only thing you have to do is just let these people talk. They won’t survive the first debate. Just get out of their way. ,disapproval,International Relations
Conservative,"Americans think World War III is likely within next 5 years, new poll shows",People say they want WW3 to happen as a form of escapism.,neutral,World War III
Conservative,"Americans think World War III is likely within next 5 years, new poll shows","Serious question, I've been a citizen of this country for close to four decades and I've never once been asked to contribute to a poll.

Who the hell gets asked these questions and will I ever get polled?",curiosity,Polling
Conservative,"Americans think World War III is likely within next 5 years, new poll shows","I think WW3 will be an economic war, and we've been in the middle of it for a number of years already.",neutral,Economic Warfare
Conservative,"Americans think World War III is likely within next 5 years, new poll shows","You never know, given how history has normally gone it seems almost inevitable that there will be a showdown between the current super power and friends (assuming we manage to keep some) and the rising super power in China and it's allies. Given China's comments on Taiwan a 5 year timeframe for that is certainly not out of the question, though whether that would develop into a wider war is hard to say, especially given the weight that nuclear weapons place against unchecked escalation",neutral,Geopolitical Conflict
Conservative,"Americans think World War III is likely within next 5 years, new poll shows","I think WW3 is going to be some Reconquista-type shit, mostly in Europe but spreading everywhere Islam has. The global left will, of course, be involved while screaming that resistance is racist.",anger,Religious Conflict
Conservative,"Americans think World War III is likely within next 5 years, new poll shows","This has to be the left pushing this figure up. I feel WWIII is a lot less likely than I did when Biden was in office. I expected out enemies to attempt to trounce on the near corpse president any minute, best shot they had in a while. They missed their window. President Trump has already shown he is not to be trifled with. 

Couldn't find any detailed data on the poll, Poltico's link for it goes to there poll website front page and it is not listed. At the end of the article is says, *This edition of* [*The POLITICO Poll*](https://www.politico.com/polling) *was conducted by Public First from Feb. 6 to 9, surveying 10,289 adults online, with at least 2,000 respondents each from the U.S., Canada, U.K., France and Germany. Results for each country were weighted to be representative on dimensions including age, gender and geography.*",disapproval,Foreign Policy
Conservative,"Americans think World War III is likely within next 5 years, new poll shows",Leftist are bored. They want it to happen ,disapproval,Political Ideology
Conservative,"Americans think World War III is likely within next 5 years, new poll shows",Depends on who our next president is.,neutral,Presidential Election
Conservative,"Americans think World War III is likely within next 5 years, new poll shows",I haven’t been worried about WW3 since Biden left office.,relief,US Presidency
Conservative,"Americans think World War III is likely within next 5 years, new poll shows","Sure if the Dems are voted back into power. We absolutely will be at WW3.

Look at what happened to Israel and Ukraine just in the last 4 years when they were in office.

We the world has a weak USA other countries with bad intentions take advantage of the situation.",fear,Foreign Policy
Conservative,Partial Government Shutdown Begins,"This is the most absurdly idiotic thing they've done.

**ICE will  continue operating** because of $75 billion infusion provided in President Donald Trump's one big beautiful bill that was passed by Congress last summer 

So this will affect: 

- TSA   
- FEMA     
- CISA (Cybersecurity and Infrastructure Security Agency)    
- The Secret Service   
- U.S. Coast Guard",anger,Government Shutdown
Conservative,Partial Government Shutdown Begins,It will be interesting to watch the media twist themselves into knots if there is a security event which could have been prevented by Democrats not shutting down the government.,disapproval,Government Shutdown
Conservative,Partial Government Shutdown Begins,"Democrats doing  this to shutdown ICE which is fully funded, fucking idiots. Just hurting the other departments under DHS like the TSA, Secret Service and among several others.",anger,Immigration Enforcement
Conservative,Partial Government Shutdown Begins,Its ok.  I've already got my '25 tax return filed and I have received my refund.  So I'm good till next January.,neutral,Government Shutdown
Conservative,Partial Government Shutdown Begins,"2026 democrat shutdown v2, the sequel.

Nothing new here, just democrats making people work without pay just like they did in the 17 and 1800s.",anger,Government Shutdown
Conservative,Partial Government Shutdown Begins,Another Dem shutdown. Yawn. ,annoyance,Government Shutdown
Conservative,Partial Government Shutdown Begins,"We didn't need the Federal Government last fall, we don't need them now... Shutdowns only affect the Government not us.",disapproval,Government Shutdown
Conservative,"Trump Plans to Crush 'Horrible, Disingenuous Cheater' Dems With Voter ID EO to Lock Down Midterms, Beyond",This seems like a bad play while it’s still in the senate. Though I guess if it passes there will be law breakers anyways. ,disapproval,Voter ID
Conservative,"Trump Plans to Crush 'Horrible, Disingenuous Cheater' Dems With Voter ID EO to Lock Down Midterms, Beyond","""Beyond"" just means until a Dem gets into the presidency and wipes out all of his EOs. This congress has been such a colossal failure.",disapproval,Executive Orders
Conservative,"Trump Plans to Crush 'Horrible, Disingenuous Cheater' Dems With Voter ID EO to Lock Down Midterms, Beyond",Do a bunch of states already require ID? I think yeah. I don't think requiring ID will change much. Just political posturing to distract voters. ID should be required.,approval,Voter ID
Conservative,Trump Says Voter ID Will Be Required In Midterms ‘Whether Approved By Congress Or Not’,"We all want this, but congress has to approve it too. Come on now. Don't lose face with the country over this. Lets follow the legal process. It must go through house and congress for a law to be made.",disapproval,Voter ID
Conservative,Trump Says Voter ID Will Be Required In Midterms ‘Whether Approved By Congress Or Not’,"I mean... there is an Elections Clause in the US Constitution.

But anyway, not opposed to require signatures.

To be honest, preferred the earlier version of election signature bill, not the one that passed. The latest version requiring states to send voter registration lists to the federal government... yeah... no thanks. The best part of our system is voting is largely handled at the local level. The more you require centralization and nationalization of voting, the easier it is to cheat on a larger scale.",disapproval,Election Administration
Conservative,Trump Says Voter ID Will Be Required In Midterms ‘Whether Approved By Congress Or Not’,This sounds like a great way to rush into turning something popular unpopular. Voter ID requirements just make sense but let's put them in the right way,disapproval,Voter ID
Conservative,Trump Says Voter ID Will Be Required In Midterms ‘Whether Approved By Congress Or Not’,"C'mon dude, it's almost through Congress, don't screw it up now...


Trump really needs to learn when to speak and when to shut up.",annoyance,Voter ID
Conservative,Trump Says Voter ID Will Be Required In Midterms ‘Whether Approved By Congress Or Not’,By executive order? Probably will be struck down by some judge.,neutral,Voter ID
Conservative,Trump Says Voter ID Will Be Required In Midterms ‘Whether Approved By Congress Or Not’,"I want voter ID, but I also believe in the separation of powers.  This is not something that the executive branch can create with an EO.  It will be struck down by SCOTUS, which is dominated by constitutionalists.  Doing it through Congress is a far better option, and it would be longer lasting.  Any EO can simply be undone by the next Dem president, on the off chance it survives a challenge before SCOTUS.  ",disapproval,Voter ID
Conservative,Trump Says Voter ID Will Be Required In Midterms ‘Whether Approved By Congress Or Not’,83% of the population wants this.  The other 17% are redditors.,approval,Voter ID
Conservative,Trump Says Voter ID Will Be Required In Midterms ‘Whether Approved By Congress Or Not’,"There obviously has to be basic standards that states must follow when conducting their elections if they're going to have a say in federal governance. It'll be interesting to see what levers Trump pulls to force the hand of states on this issues. Congress does have the power to refuse to seat an elected representative, but it's a power that's been limited by SCOTUS interpretations in the past

If Democrats want to compromise on this issue, then mandatory voter ID can be rolled in with turning Election Day into a federal holiday and making it free to obtain.",curiosity,Voter ID
Conservative,Trump Says Voter ID Will Be Required In Midterms ‘Whether Approved By Congress Or Not’,"Voter ID should be required - but as long as no excuse absentee balloting exists, is irrelevant.",neutral,Voter ID
Conservative,Trump Says Voter ID Will Be Required In Midterms ‘Whether Approved By Congress Or Not’,Good.,approval,Voter ID
Conservative,Trumponomics is working,"Of course it is, and as soon as J Powell finally moseys down the ol’ dusty trail and we can see some real market gains. Everyones dying for a modest rate cut.

Edit: lol the brigaders are seething.",desire,Monetary Policy
Conservative,British tourist detained in Iran: ‘I naively thought we’d be OK’,Who in their right mind would vacation in Iran for any reason right now?!! That state is where you go if you are mad in the head.,disapproval,Iran
Conservative,British tourist detained in Iran: ‘I naively thought we’d be OK’,"It is this kind of leftist/normie mindset that reflects a complete detachment from reality. Traveling to a country like Iran is not the same as booking a weekend in Spain. The risks are very well known. The Foreign Office warnings are clear. The time consuming and complicated process itself makes it obvious that you are not dealing with a normal tourist destination.

You do not just “naively” end up there without being repeatedly told about the dangers. At multiple stages you are warned. Choosing to ignore all of that is a conscious decision.

I genuinely feel bad that they’re detained and I hope they are released quickly. But at the same time, pretending this was unforeseeable is not serious. They knew what they were doing, and they wanted to prove a point that failed.",disapproval,International Travel
Conservative,British tourist detained in Iran: ‘I naively thought we’d be OK’,![gif](giphy|eh1zOgKrMLKfgMoyzh|downsized),disapproval,International Relations
Conservative,British tourist detained in Iran: ‘I naively thought we’d be OK’,"How to turn leftist into conservative? Send them on a trip to Iran, North Korea, Russia… continue the list",disapproval,Political Ideology
Conservative,British tourist detained in Iran: ‘I naively thought we’d be OK’,"I can’t read the article, but the picture caption says they were on a “world motorcycle tour”. Common knowledge would probably say the Middle East probably isn’t the best place to be riding around on motorcycles.",disapproval,International Relations
Conservative,British tourist detained in Iran: ‘I naively thought we’d be OK’,Def anti trumper,disapproval,US Politics
Conservative,Americans may have to pay to bring back members of ‘foreign terrorist cartel’ to US because of the ridiculous order of immoral activist liberal District Judge James Boasberg,Fuck him he wants them back he can go get them,anger,National Security
Conservative,Americans may have to pay to bring back members of ‘foreign terrorist cartel’ to US because of the ridiculous order of immoral activist liberal District Judge James Boasberg,They need to impeach this traitor yesterday,anger,Judicial System
Conservative,Americans may have to pay to bring back members of ‘foreign terrorist cartel’ to US because of the ridiculous order of immoral activist liberal District Judge James Boasberg,"I would take it out of that judge’s pay.

But he will probably be overturned yet again by a higher court.",anger,Judicial System
Conservative,Americans may have to pay to bring back members of ‘foreign terrorist cartel’ to US because of the ridiculous order of immoral activist liberal District Judge James Boasberg,Just ignore him. Take it to SCOTUS and US Appeals to nuke his stupid worthless orders.,annoyance,Judicial System
Conservative,Americans may have to pay to bring back members of ‘foreign terrorist cartel’ to US because of the ridiculous order of immoral activist liberal District Judge James Boasberg,Why is Lurch still a judge? How is he not behind bars yet?,anger,Judiciary
Conservative,"Gun Sales, Permit Applications Surge in Minnesota, Twin Cities","And just like that, the left now gets the Second Amendment.",amusement,Gun Control
Conservative,"Gun Sales, Permit Applications Surge in Minnesota, Twin Cities","If everyone has guns, it’s mutually assured destruction if you start a gunfight. Which is a natural deterrent. Usually. Kinda the whole point.",neutral,Gun Rights
Conservative,"Gun Sales, Permit Applications Surge in Minnesota, Twin Cities","It looks like the left is in favor of the 2A now. Hopefully, they want that for everyone.",optimism,Gun Rights
Conservative,"Gun Sales, Permit Applications Surge in Minnesota, Twin Cities","I await the wave of gun owners who really fucking want ""common sense"" gun control.",disapproval,Gun Control
Conservative,"Gun Sales, Permit Applications Surge in Minnesota, Twin Cities",They have red flag laws too. Wonder how many  first time gun owners are posting really smart threats to ice online…,annoyance,Gun Control
Conservative,"Gun Sales, Permit Applications Surge in Minnesota, Twin Cities","The most important part of gun ownership is understanding the responsibility and respect for the laws. MN is a ""shall issue"" state and if they could botch the oversight of funding like they have, then I wouldn't be surprised when their criteria for issuing gets overlooked. If the ICE pressure was staying in the city, I bet there would be more fools running around flagrantly crossing the line.",disapproval,Gun Control
Conservative,"Gun Sales, Permit Applications Surge in Minnesota, Twin Cities",Sounds like gun control is now dead to the left,neutral,Gun Control
Conservative,Report: Record Number of Illegals Self-Deporting U.S. Under Trump,This is what I voted for. Let's keep winning.,approval,Immigration
Conservative,Report: Record Number of Illegals Self-Deporting U.S. Under Trump,More.,desire,Immigration
Conservative,Report: Record Number of Illegals Self-Deporting U.S. Under Trump,How many more until my healthcare bill goes down?,desire,Healthcare
Conservative,Report: Record Number of Illegals Self-Deporting U.S. Under Trump,Uplifting News!,joy,Immigration
Conservative,Report: Record Number of Illegals Self-Deporting U.S. Under Trump,Good,approval,Immigration
Conservative,Report: Record Number of Illegals Self-Deporting U.S. Under Trump,"Nothing wrong with that!

Less effort on our part the better",approval,Immigration
Conservative,Report: Record Number of Illegals Self-Deporting U.S. Under Trump,"Many countries that illegal immigrants are coming from are stable enough that they'll remigrate if cut off from services and have their remittances taxed. It's not as glamorous and is a harder number to track, but it means that the admin's results on migration are even better than they look on paper.",approval,Illegal Immigration
Conservative,Report: Record Number of Illegals Self-Deporting U.S. Under Trump,Hell yeah,excitement,Immigration
Conservative,Report: Record Number of Illegals Self-Deporting U.S. Under Trump,That’s good.  Can only do so much in the little time they have.,approval,Immigration
Conservative,Report: Record Number of Illegals Self-Deporting U.S. Under Trump,Are those numbers included in the deportation numbers?,curiosity,Immigration
Conservative,China quietly paid US-born Olympian Eileen Gu this whopping sum in 2025: report,Their Olympic athletes in general get paid much more than the US so this makes sense.,realization,Olympics
Conservative,China quietly paid US-born Olympian Eileen Gu this whopping sum in 2025: report,Lot of money for just getting second place.,disapproval,International Relations
Conservative,Pathologist at Jeffrey Epstein’s autopsy demands new investigation into possible murder,"&gt;Specifically, the doctor pointed to three fractures in Epstein’s neck, which he has never witnessed in a hanging suicide in his decades-long career.

&gt;“Even one fracture, we have to investigate the possibility of a homicide. Two definitely warrant a full investigation,” he told the paper. “Findings in textbooks never see those fractures, and neither have I.”

![gif](giphy|duM6JZemPlOjUyqmxd)

",curiosity,Justice System
Conservative,Pathologist at Jeffrey Epstein’s autopsy demands new investigation into possible murder,"3 million documents left to release - we want to know the names of the living child molester billionaires.  Epstein is dead, and we already know he was murdered.",anger,Corruption
Conservative,Pathologist at Jeffrey Epstein’s autopsy demands new investigation into possible murder,I’m starting to think (and maybe it’s whatever crud I caught this week talking) that he may not be dead.,confusion,Epstein Case
Conservative,Pathologist at Jeffrey Epstein’s autopsy demands new investigation into possible murder,I thought it was already determined the manner in which his neck was broken could only be done by foul play and not hanging himself,confusion,Justice System
Conservative,Pathologist at Jeffrey Epstein’s autopsy demands new investigation into possible murder,Might be more of a kidnapping situation. Some sources have suggested he's been gaming a lot for a dead man.,curiosity,Justice System
Conservative,Pathologist at Jeffrey Epstein’s autopsy demands new investigation into possible murder,"We dont need an investigation to know it was murder, the investigation needed is into who murdered him, or more precisely who ordered his murder. 


Although finding an honest person to do that investigation would likely be very hard as they would be a target themselves ",anger,Epstein Investigation
Conservative,Pathologist at Jeffrey Epstein’s autopsy demands new investigation into possible murder,"Obama’s own White House Counsel, Kathryn Ruemmler, the one who ran his ethics office and vetted his entire cabinet, is EXPOSED with thousands of emails to Epstein, cozy “Uncle Jeffrey” vibes, gifts, and all.

https://x.com/GuntherEagleman/status/2022395781664096534",disapproval,Political Scandal
Conservative,Pathologist at Jeffrey Epstein’s autopsy demands new investigation into possible murder,"Baden is the kingpin.  If he says it’s murder, it’s murder.",approval,Crime
Conservative,"""Powerful"" Epstein Accomplices Named by Congressmen Appear To Be Ordinary New Yorkers",The fact you’re focusing hate on Massie is wild,disapproval,Epstein Scandal
Conservative,"""Powerful"" Epstein Accomplices Named by Congressmen Appear To Be Ordinary New Yorkers","The DOJ is the problem, not Massie. ",disapproval,Justice System
Conservative,"""Powerful"" Epstein Accomplices Named by Congressmen Appear To Be Ordinary New Yorkers",The Epstein stories really can't die fast enough.,annoyance,Epstein Scandal
Conservative,"""Powerful"" Epstein Accomplices Named by Congressmen Appear To Be Ordinary New Yorkers","Massie went in front of Congress and doxxed four innocent people, and then [blamed the DOJ](https://x.com/RepThomasMassie/status/2022623273381740601) for not adding enough context. [Completely unapologetic.](https://x.com/misfitpatriot_/status/2022499474996633866)

Four days ago, he spoke to reporters and said that these men were [""likely incriminated by their inclusion in these files.""](https://x.com/mtracey/status/2021440966922788914)

This should be his McCarthy-Welch moment.",disapproval,Congressional ethics
Conservative,Trumponomics is working,"We shall see.  Tariffs generally take some time before the downside kicks in, and they didn't go into effect until several months into his term.  Taking stakes in public companies and using government to influence business also tends to be counterproductive in the long term.

And, after the downward revisions, the 2025 job totals are not inspiring.

Personally, I wish he'd do less and get the government out of the economy as much as possible.  Free markets work better than central planning by the state, as has been shown again and again.  Reagan knew this - ""I believe in the inherent dynamism of the private sector, and I believe that the most constructive thing government usually can do is simply get out of the way""",disapproval,Economic Policy
Conservative,Trumponomics is working,I would like to see updates on every company that made commitments to build more products in the USA due to Trump tariffs. Verify each commitment is more than just words.,curiosity,Trade Policy
Conservative,Behold the Violence Inherent in the System,"So uh, does the blade represent a weapon or ""gender affirming care""?",disapproval,Transgender Rights
Conservative,Behold the Violence Inherent in the System,I thought we were an autonomous collective?,amusement,Governance
Conservative,Behold the Violence Inherent in the System,"More 1984 word perversion. This has absolutely nothing to do with “protecting” anyone. In fact, it’s the exact opposite. ",anger,Government Overreach
Conservative,Behold the Violence Inherent in the System,"HELP HELP, I'm BEING REPRESSED!!!",amusement,Systemic Oppression
Conservative,Trump Vows Voter ID for Midterms With or Without Congress,"Yeah, that's probably not going to work. I'm not saying they shouldn't try, voter ID has broad support among voters, so it would be good to show you literally did everything you could, but an executive order alone likely isn't going to pass muster with the SCOTUS. 

[](https://www.google.com/search?sca_esv=40662ef7c8bae166&amp;rlz=1C1ONGR_enUS1045US1045&amp;sxsrf=ANbL-n5ukxphfBiP_ftSGQvHMGgp-Lgk1w:1771051277944&amp;q=pass+the+muster+meaning&amp;si=AL3DRZEC_ZDAByhd6HDMGU3krnZdjpc2PNkL5hKdHVB8tTO3hnKPa1iEHyWpVwnrBT9zZhGusu3he0jg6F0wQEqrcJ4mCfWgjy7K7qzv8o5GOsNoJZDu3gdqTULIyv8auHvIfpbXXJqpYrboICbZnTUlh44o-MfEVLSAMNt1NDtPR3axBZWttjI%3D&amp;sa=X&amp;ved=2ahUKEwj95bOSsNiSAxUWk2oFHUE0DPwQyNoBKAB6BAgZEAA&amp;ictx=1)",neutral,Voter ID
Conservative,Trump Vows Voter ID for Midterms With or Without Congress,"Good, might stop the dems from cheating.",approval,Voter ID
Conservative,Trump Vows Voter ID for Midterms With or Without Congress,Good.👍,approval,Voter ID
Conservative,RFK Revealed Why He Wasn't Scared of COVID: “I’m not scared of a germ. I used to snort cocaine off toilet seats.”,"Is this…

…is this real?",confusion,COVID-19
Conservative,RFK Revealed Why He Wasn't Scared of COVID: “I’m not scared of a germ. I used to snort cocaine off toilet seats.”,"Covid isn't a germ...

RFK was probably Trump's worst choice of anyone he picked for government office. Didn't like him when he was trying to possibly mess with the election by running independent (because it would have resulted in Harris winning) and don't like him now.

The antivaxxers are the worst part of the voter base. (And I don't mean the people who want honest scientific debate about the effectiveness of certain vaccines, I mean the people who refuse the entire idea that vaccines work or that fail to understand what basic things like RNA and DNA are.)",disapproval,Elections
Conservative,RFK Revealed Why He Wasn't Scared of COVID: “I’m not scared of a germ. I used to snort cocaine off toilet seats.”,What the hell.,surprise,COVID-19
Conservative,RFK Revealed Why He Wasn't Scared of COVID: “I’m not scared of a germ. I used to snort cocaine off toilet seats.”,Screw covid i eat ass from the back!,annoyance,COVID-19
Conservative,RFK Revealed Why He Wasn't Scared of COVID: “I’m not scared of a germ. I used to snort cocaine off toilet seats.”,"![gif](giphy|JSHByLIBXUr1D3QbiR)

",amusement,COVID-19
Conservative,RFK Revealed Why He Wasn't Scared of COVID: “I’m not scared of a germ. I used to snort cocaine off toilet seats.”,![gif](giphy|rNgT8P8pL3dn2|downsized),amusement,COVID-19
Conservative,RFK Revealed Why He Wasn't Scared of COVID: “I’m not scared of a germ. I used to snort cocaine off toilet seats.”,"Note that he was talking about the importance of substance abuse counseling, and how harmful the lockdowns were to people who relied on it.

He used his own experience to highlight it, and went on to say Covid might kill him, but alcoholism for sure would.

It’s a funny line, but it’s in the middle of a very important actual talk.  The way we handled Covid killed a lot of recovering addicts, and there was no reason for it and there’s been no accountability.",disapproval,COVID-19 Policy
Conservative,RFK Revealed Why He Wasn't Scared of COVID: “I’m not scared of a germ. I used to snort cocaine off toilet seats.”,Weird flex but ok,annoyance,COVID-19
Conservative,RFK Revealed Why He Wasn't Scared of COVID: “I’m not scared of a germ. I used to snort cocaine off toilet seats.”,"Honesty is the best policy, I suppose. Outside of [checks notes] not snorting cocaine off toilet seats.",amusement,Candidate Conduct
Conservative,RFK Revealed Why He Wasn't Scared of COVID: “I’m not scared of a germ. I used to snort cocaine off toilet seats.”,Still better than the Kennedy that drove his car off a bridge and left a woman to die.,disapproval,Political Scandal
Conservative,More Parents Protest Teachers Using Kids for Anti‐ICE Events,How are they doing this without parent permission?  Don't parents know when their kids are being taken out of the classroom or off school grounds?,confusion,Immigration
Conservative,More Parents Protest Teachers Using Kids for Anti‐ICE Events,My kids are not your activist pawns,anger,Immigration
Conservative,More Parents Protest Teachers Using Kids for Anti‐ICE Events,"These people are excited to use kids as foot soldiers, as they *want* images of injured/dead children all over the news because it suits them politically.

It’s one thing to take advantage of dumb grown ups for your cause, it’s quite another to enlist children to engage in violent resistance for the sake of winning elections. It‘s not hyperbole to say that’s straight up cruel and evil, and a major ethical line has now been crossed.",anger,Immigration
Conservative,More Parents Protest Teachers Using Kids for Anti‐ICE Events,My son WILL be homeschooled,disapproval,Immigration
Conservative,More Parents Protest Teachers Using Kids for Anti‐ICE Events,I would imagine with this current crop of teachers and admins (not all of course) this is nothing compared to what goes on in the hallways and what they let these young minds full of mush get away with on a daily basis. Good on any parent that make a stink about this kind of stuff going on. ,disapproval,Immigration
Conservative,More Parents Protest Teachers Using Kids for Anti‐ICE Events,This shouldn’t even be a discussion. I hope Alternative school options blow up,disapproval,Education Policy
Conservative,"Fetterman bucks Democrats, says party put politics over country in DHS shutdown standoff","fetterman is a leftist, always will be.  he just has the ability to accept sane ideas, the ones both parties routinely agreed on.

That is all, dont expect must more than that.  But when it works for your argument, accept it.",realization,Political Pragmatism
Conservative,"Fetterman bucks Democrats, says party put politics over country in DHS shutdown standoff","You think this guy may ""cross over"" one day to the GOP side?",curiosity,Party Politics
Conservative,"Fetterman bucks Democrats, says party put politics over country in DHS shutdown standoff","Fetterman gets some things right and deserves the credit when he does.
The left wants to primary him already.

I wouldn’t vote for him despite agreement on some issues.
His voting record on things I care about is not good.",disapproval,Party Politics
Conservative,"Fetterman bucks Democrats, says party put politics over country in DHS shutdown standoff",So what is the endgame ? To shut down ice they shut down the dhs ? Hmm,confusion,DHS Shutdown
Conservative,"Fetterman bucks Democrats, says party put politics over country in DHS shutdown standoff",Well of course they do. Democrats are always in lock step together to the most unamerican stance they can think of,disapproval,Partisan Politics
Conservative,Tim Walz: ICE Hurt Our Illegal-Alien-Based Economy and Now We Demand Reparations from the US Taxpayer,"![gif](giphy|ZqlvCTNHpqrio)

Wont get a single cent out of me",disapproval,Immigration
Conservative,Tim Walz: ICE Hurt Our Illegal-Alien-Based Economy and Now We Demand Reparations from the US Taxpayer,"Tim ""I am MASCULINE!"" Walz fucked Minneapolis businesses, now he wants to use taxpayer money to rehab his image.",disapproval,Government Spending
Conservative,Tim Walz: ICE Hurt Our Illegal-Alien-Based Economy and Now We Demand Reparations from the US Taxpayer,Everything is a money grab for Dems.,disapproval,Immigration
Conservative,Tim Walz: ICE Hurt Our Illegal-Alien-Based Economy and Now We Demand Reparations from the US Taxpayer,Walz is upset that the Quality Learing Center is out of business.,disapproval,Immigration
Conservative,Tim Walz: ICE Hurt Our Illegal-Alien-Based Economy and Now We Demand Reparations from the US Taxpayer,This loser can’t get out fast enough,disapproval,Immigration
Conservative,Tim Walz: ICE Hurt Our Illegal-Alien-Based Economy and Now We Demand Reparations from the US Taxpayer,"The amount of money they claim was lost, by their own riots, is around 2% of the Somali fraud in the state.",annoyance,Immigration
Conservative,Tim Walz: ICE Hurt Our Illegal-Alien-Based Economy and Now We Demand Reparations from the US Taxpayer,Tell him the judgment will be in Maxi Plus with wings,annoyance,Immigration
Conservative,Tim Walz: ICE Hurt Our Illegal-Alien-Based Economy and Now We Demand Reparations from the US Taxpayer,"ICE: run your mouth some more, we can come back.",annoyance,Immigration
Conservative,Tim Walz: ICE Hurt Our Illegal-Alien-Based Economy and Now We Demand Reparations from the US Taxpayer,Fuck off Timmy,anger,Immigration
Conservative,Tim Walz: ICE Hurt Our Illegal-Alien-Based Economy and Now We Demand Reparations from the US Taxpayer,![gif](giphy|5YKiGHlMGBO48),annoyance,Immigration
Conservative,Puerto Rico governor signs law recognizing unborn babies as human beings,Suddenly Puerto Rico gets put aside by the left for the next flashy topic to push.,disapproval,Abortion
Conservative,Puerto Rico governor signs law recognizing unborn babies as human beings,"Oh let’s get bad bunny and his crew in here to give us their hot takes 

/s",annoyance,Abortion
Conservative,Puerto Rico governor signs law recognizing unborn babies as human beings,Can't wait to see liberals furiously ignore this.,annoyance,Abortion
Conservative,Puerto Rico governor signs law recognizing unborn babies as human beings,Based.  Is Puerto Rico interested in statehood?,approval,Abortion
Conservative,Puerto Rico governor signs law recognizing unborn babies as human beings,"If Republicans continue to abandon free market economics in favor of economic populism, Puerto Rico statehood would really backfire on the Democrats. They are a good example of a place that is economically liberal but socially conservative.",neutral,Puerto Rico Statehood
Conservative,Puerto Rico governor signs law recognizing unborn babies as human beings,"Hopefully, this is just the first domino to fall.",optimism,Abortion
Conservative,Puerto Rico governor signs law recognizing unborn babies as human beings,Good!,approval,Abortion
Conservative,Puerto Rico governor signs law recognizing unborn babies as human beings,"“That’s so strange, the democrats suddenly don’t want Puerto Rico to be a state”",annoyance,Puerto Rico Statehood
Conservative,Lindsey Graham's message to Europeans 'nervous' about Trump: 'Who gives a s--t who owns Greenland?',"I still believe the Danish should grant Greenland full autonomy, allowing its people to negotiate their future freely in the open market, with benefits naturally going to Indigenous Greenlanders and families with longstanding ties to the land. That's just me though. ",approval,Greenland Autonomy
Conservative,Lindsey Graham's message to Europeans 'nervous' about Trump: 'Who gives a s--t who owns Greenland?',"I just find it crazy that their argument is that we ""can already have as much military as we want there""... yea exactly so Denmark has no claim to it since they've already conceded the defense of it to us. Are they paying us to protect it? No. ",annoyance,Greenland Sovereignty
Conservative,Lindsey Graham's message to Europeans 'nervous' about Trump: 'Who gives a s--t who owns Greenland?',"In reality, it is better if the U.S. owns Greenland. They are able to protect it, and they are able to develop it in a way that is more beneficial to the indigenous population of the land. It is also geographically important to the U.S. Denmark could barely defend their own land if someone were to attempt to invade them. And let’s not act like Denmark has done great things for the indigenous population of the land.",approval,Greenland ownership
Conservative,AOC won't say whether US should defend Taiwan if China invades,Looks like someone doesn't want to lose their CCP linked donor funds. ,disapproval,Taiwan
Conservative,AOC won't say whether US should defend Taiwan if China invades,She doesn’t want to upset her masters ,disapproval,Taiwan
Conservative,AOC won't say whether US should defend Taiwan if China invades,"She’s like Harris, exposed as a complete fraud as soon as she gets a question she hasn’t been prepped on.",disapproval,Taiwan Defense
Conservative,AOC won't say whether US should defend Taiwan if China invades,"She doesn't want to help taiwan, iran, yemen, Nigeria, Sudan, Congo etc but she really really wants to help Palestinian terrorists destroy israel...hmm",disapproval,Israel-Palestine
Conservative,AOC won't say whether US should defend Taiwan if China invades,"Yah, sounds like the sort of intelligence the DNC wants from their next VP candidate.",disapproval,Taiwan
Conservative,AOC won't say whether US should defend Taiwan if China invades,Because she is already bought and paid for by China.,disapproval,Taiwan Defense
Conservative,AOC won't say whether US should defend Taiwan if China invades,"This is what happens when you have a Socialist barista elected to office.


Failures all the way.",disapproval,Foreign Policy
Conservative,AOC won't say whether US should defend Taiwan if China invades,Nees those chinese communist funds.,disapproval,Taiwan
Conservative,AOC won't say whether US should defend Taiwan if China invades,"She’s going to take lessons from Bernie Sanders on the finger wag, always calling to eat the rich while she laps it up in high end restaurants, designer clothes, private jets, multiple homes, and an inflated bank account and never have a solution to anything, but sure knows how to call out anything her base perceives as something they can outrage over.",disapproval,Political Hypocrisy
Conservative,AOC won't say whether US should defend Taiwan if China invades,"She is already creating some ""China Strong"" ads and merch, and of course she will pin this on Trump for dragging the US into another war.",annoyance,Taiwan Defense
Conservative,Why are modern car headlights so blindingly bright?,"It's to the point now when cars go by me at night, I genuinely can't tell if they're all highbeaming me or if that's just normal.  I spend more time looking at the side of the road down at the white line than I do looking at what's actually in front of me so at least I can see where the road is.",annoyance,Vehicle Regulations
Conservative,Why are modern car headlights so blindingly bright?,My Astigmatism agrees.,annoyance,Automotive Regulation
Conservative,Why are modern car headlights so blindingly bright?,"Seriously, some needs to be done about this. It's going to get people killed. At least have DoT start looking into it.",fear,Vehicle Safety
Conservative,Why are modern car headlights so blindingly bright?,"My neighborhood has extremely narrow streets with a ton of kids.  There has been plenty of times where someone is parked in front of their house, car running, lights on and I can't see anything beyond their bright ass lights.  No clue what's in the road ahead.",fear,Vehicle Regulations
Conservative,Why are modern car headlights so blindingly bright?,"I asked my ophthalmologist about this issue. She said the various eye health professional associations are very concerned about headlight brightness and have provided congress with suggestions with respect to brightness of the new light technologies.

According to her, the US congress is not interested in the issue. ",disappointment,Regulation
Conservative,Why are modern car headlights so blindingly bright?,Relevant sub: r/fuckyourheadlights,anger,Vehicle Regulations
Conservative,Why are modern car headlights so blindingly bright?,"It’s the color. Halogen bulbs have a soft, warm  (reddish / yellow) appearance which causes minimal glare. New LED bulbs are basically pure white / even bluish in some cases and cause tremendous amounts of glare.

It’s also the fact that dashboards / clusters today are insanely bright and normally have a huge tablet as the infotainment system, which is equally as bright. Bright interior light sources make it harder to see outside. 

I have a 2025 RAV4 and I absolutely hate the LED headlights. Sure, you can see what’s directly in front of you but you lose most of your peripheral vision outside of the beam. Never had that issue with halogens. I also hate the super bright dashboard and infotainment system. I turn the brightness all the way down and it’s still bright as hell.",annoyance,None
Conservative,Why are modern car headlights so blindingly bright?,I got myself a pair of yellow tinted glasses for night driving. Doesn't wholly fix the issue of glare but it helps a bit.,neutral,Vehicle Regulation
Conservative,Why are modern car headlights so blindingly bright?,"Audi and other manufacturers have matrix LED headlights, which can adjust the beam pattern to ensure it doesn't blind other drivers. Really cool technology. Of course, US bureaucracy is getting in the way, making them illegal here currently.",disapproval,Technology Regulation
Conservative,Why are modern car headlights so blindingly bright?,It doesn't help that people don't know (or don't care) that the little blue headlight symbol means your damn brights are on. Can we just start mandatory drivers license retesting every 5-10 years because it seems like people have forgotten how to drive in general?,annoyance,Driver's Licensing
Conservative,Susan Collins Backs Save America ACT - But Won't Break Filibuster,"Thune must push the Democrats into a standing filibuster and outlast them on this, since Vance brings us to 51 votes. It's an 85-15 issue and one that can be easily sold to the public. 

If this isn't where the line is drawn, then where? This is more important than any singular issue.",desire,Filibuster
Conservative,Susan Collins Backs Save America ACT - But Won't Break Filibuster,"It's absolutely beyond amazing how the Democrats are so willing to vote along party lines no matter what. Doesn't matter if it's good for the country, doesn't matter if most people want it, they'll vote against it if that's what the party wants.",disapproval,Legislative Process
Conservative,Susan Collins Backs Save America ACT - But Won't Break Filibuster,She’s right. It would be a huge mistake to nuke the filibuster.,approval,Filibuster
Conservative,Susan Collins Backs Save America ACT - But Won't Break Filibuster,The Dems cannot be trusted. Nuke it.,anger,Filibuster
Conservative,Chicago Teachers Union budgets $3.1M for political activities in 2026,This might be controversial in today's environment but public employee unions (including teachers) should be illegal.  It's an obscene conflict of interest to take tax-payer dollars and then use that cash to advocate against tax payer interests. ,disapproval,Public Sector Unions
Conservative,Chicago Teachers Union budgets $3.1M for political activities in 2026,Should be in class learing. ,disapproval,Teachers Union
Conservative,Chicago Teachers Union budgets $3.1M for political activities in 2026,"Every time one of my teacher friends complains about “low pay”, I ask how the state/district/school spends the money it already has. They always get super defensive, because they know they all waste millions. ",annoyance,Education Funding
Conservative,Chicago Teachers Union budgets $3.1M for political activities in 2026,They could pay each teacher in Chicago roughly an extra $1500 per year with that money.,disapproval,Union Spending
Conservative,Chicago Teachers Union budgets $3.1M for political activities in 2026,I have an objector status with my union and get a portion of my dues returned to me so that it doesn’t go to 💩 like this.,disapproval,Union Politics
Conservative,Chicago Teachers Union budgets $3.1M for political activities in 2026,[deleted],neutral,Labor Unions
Conservative,Chicago Teachers Union budgets $3.1M for political activities in 2026,"At $60K starting salary, that's 51 and 2/3 teachers they are preventing from being hired with that.",disapproval,Union Politics
Conservative,Chicago Teachers Union budgets $3.1M for political activities in 2026,"I refused to join the union when I was teaching, and refuse to join the professional organization in my current field for this exact reason.",disapproval,Union politics
Conservative,Chicago Teachers Union budgets $3.1M for political activities in 2026,Anti gun (rights) walkouts?,annoyance,Gun Control
Conservative,Chicago Teachers Union budgets $3.1M for political activities in 2026,Yet they will have their annual strike and cry about how underpaid they are and don’t have any school supplies 🙄,disapproval,Teacher Unions
Conservative,"The mayor of Coldwater, Kansas, Jose Ceballos, has been revealed to be a foreign national who not only got elected while not being a citizen, but has also been voting in federal and state elections since at least 2022",Isn't that a federal crime?,curiosity,Voter Fraud
Conservative,"The mayor of Coldwater, Kansas, Jose Ceballos, has been revealed to be a foreign national who not only got elected while not being a citizen, but has also been voting in federal and state elections since at least 2022","This can't be true.  We were told that this wouldn't, and couldn't, happen. ",surprise,Election Integrity
Conservative,"The mayor of Coldwater, Kansas, Jose Ceballos, has been revealed to be a foreign national who not only got elected while not being a citizen, but has also been voting in federal and state elections since at least 2022",Thing that never happens.,annoyance,Electoral Integrity
Conservative,"The mayor of Coldwater, Kansas, Jose Ceballos, has been revealed to be a foreign national who not only got elected while not being a citizen, but has also been voting in federal and state elections since at least 2022","Guess ICE should make a quick pit stop in Coldwater. That way Jose can say ""I don't think we're in Kansas anymore.""",amusement,Immigration
Conservative,"The mayor of Coldwater, Kansas, Jose Ceballos, has been revealed to be a foreign national who not only got elected while not being a citizen, but has also been voting in federal and state elections since at least 2022","The 2000 Presidential election was determined by I think about 537 votes in Florida. 

Our elections need to be secure.",disapproval,Election Security
Conservative,"The mayor of Coldwater, Kansas, Jose Ceballos, has been revealed to be a foreign national who not only got elected while not being a citizen, but has also been voting in federal and state elections since at least 2022","According to the left's playbook, the narrative will now shift to:
  
* We've always had illegal immigrants voting in Federal elections and you're a bigot if you thinks that's bad.",annoyance,Voter Fraud
Conservative,"The mayor of Coldwater, Kansas, Jose Ceballos, has been revealed to be a foreign national who not only got elected while not being a citizen, but has also been voting in federal and state elections since at least 2022",And yet another conspiracy theory that turned out to be true. ,realization,Electoral Integrity
Conservative,"The mayor of Coldwater, Kansas, Jose Ceballos, has been revealed to be a foreign national who not only got elected while not being a citizen, but has also been voting in federal and state elections since at least 2022",Pass the SAVE Act now.,desire,Election Integrity
Conservative,"The mayor of Coldwater, Kansas, Jose Ceballos, has been revealed to be a foreign national who not only got elected while not being a citizen, but has also been voting in federal and state elections since at least 2022","Oh come on guys, it happened *one time*, do you really expect us to pass an election security bill with 75% approval ratings among the general public just because you can prove that the very situation it’s supposed to protect against actually happened *one time*?

It will be much more profitable for us to just cover our tracks better in the future.",disapproval,Election Security
Conservative,"The mayor of Coldwater, Kansas, Jose Ceballos, has been revealed to be a foreign national who not only got elected while not being a citizen, but has also been voting in federal and state elections since at least 2022",You mean that’s not allowed?,confusion,Voter Eligibility
Conservative,"DHS officers on leave, face prosecution over false statements after Minneapolis migrant shooting",Interesting.  Sounds like justice working the way it is supposed to work.,approval,Law Enforcement Accountability
Conservative,"Reddit Mod Deleted Breathtaking Photo Taken by NASA Astronaut From Space Because It Was ""Blurry""",Mod is probably a part-time dog walker.,annoyance,None
Conservative,"Reddit Mod Deleted Breathtaking Photo Taken by NASA Astronaut From Space Because It Was ""Blurry""","love the sub caption:

&gt;""Dear mods, please show NASA how to take better pictures from space so you don’t have to delete them.""

given how terrible most of the mods of reddit are, figured everyone would get a laugh out of this article.",amusement,None
Conservative,"Reddit Mod Deleted Breathtaking Photo Taken by NASA Astronaut From Space Because It Was ""Blurry""",Reddit mods would take down the cure for cancer,annoyance,Censorship
Conservative,"Reddit Mod Deleted Breathtaking Photo Taken by NASA Astronaut From Space Because It Was ""Blurry""","I mean. I know it's fun to shit on mods, but, he was new, he mistakenly deleted a post based on the sub rules, he admitted his mistake when called out and it was promptly fixed.",neutral,None
Conservative,"Reddit Mod Deleted Breathtaking Photo Taken by NASA Astronaut From Space Because It Was ""Blurry""","Has anyone considered that the atmosphere, much like Bigfoot, is just blurry?!",amusement,None
Conservative,"Reddit Mod Deleted Breathtaking Photo Taken by NASA Astronaut From Space Because It Was ""Blurry""",What's the connection to conservative politics and/or beliefs?,confusion,Conservative Politics
Conservative,"Reddit Mod Deleted Breathtaking Photo Taken by NASA Astronaut From Space Because It Was ""Blurry""",How relevant to this sub?,confusion,Not political
Conservative,"Reddit Mod Deleted Breathtaking Photo Taken by NASA Astronaut From Space Because It Was ""Blurry""",You do not hate these people enough. They are the enemies of greatness.,anger,Not applicable
Conservative,"Reddit Mod Deleted Breathtaking Photo Taken by NASA Astronaut From Space Because It Was ""Blurry""","To be fair, calling it a “Breathtaking Photo” is a bit of a stretch, and if not for the photographer being *THE* actual astronaut onboard ISS who took it, the picture itself wouldn’t hold much significance at all. 

I know Reddit mods are everyone’s favorite punching bags, but after reading about a strange turn of events that resulted in r/aviation\’s mods actually taking ownership of their mistake, correcting their mistake, and apologizing for their mistake they should absolutely be commended for how well they managed their sub drama. 

Personal accountability has gotten so rare that I forgot what it even looked like.",approval,None
Conservative,"Reddit Mod Deleted Breathtaking Photo Taken by NASA Astronaut From Space Because It Was ""Blurry""",Old news.  I saw this like a week ago. The mods of spaceporn sub wrote an apology and acknowledged it was a mistake and took steps to avoid it in the future. It sounded like it was genuine and sincere,approval,Not applicable
Conservative,Ilhan Omar eviscerated for suggesting Trump is a pedophile — and should be executed.,"This thread has been so heavily reported that I, Automoderator, decided to promote our other socials.  [Follow us on X.com](https://x.com/rcondiscord) and [join us on Discord](https://discord.com/invite/conservative).

*I am a bot, and this action was performed automatically. Please [contact the moderators of this subreddit](/message/compose/?to=/r/Conservative) if you have any questions or concerns.*",neutral,Political Figures
Conservative,Ilhan Omar eviscerated for suggesting Trump is a pedophile — and should be executed.,"Her ""prophet"" Muhammad was an actual pedophile so her dumbass should probably sit this one out. ",annoyance,US Politics
Conservative,Ilhan Omar eviscerated for suggesting Trump is a pedophile — and should be executed.,From a woman who's culture is marry 12 year old girls,disapproval,Ilhan Omar
Conservative,Ilhan Omar eviscerated for suggesting Trump is a pedophile — and should be executed.,"That's adorable. She suggests they execute pedophiles in Somalia. Somehow I doubt that, they have tons of underage marriage and her religion's founder was himself a pedophile.",annoyance,Political Controversy
Conservative,Ilhan Omar eviscerated for suggesting Trump is a pedophile — and should be executed.,"They're doing the same low IQ sleight as when they call people Nazis and then talk about ""killing Nazis.""

Ilhan Omar: ""Trump is a pedophile. America should execute pedophiles.""  
Republicans: ""You're saying you think Trump should be executed?""  
Democrats: ""You just admitted Trump is a pedophile!""",disapproval,Political Discourse
Conservative,Ilhan Omar eviscerated for suggesting Trump is a pedophile — and should be executed.,Can we deport her yet? Tired of seeing headlines about this twit,annoyance,Immigration
Conservative,Ilhan Omar eviscerated for suggesting Trump is a pedophile — and should be executed.,Sounds like she's inciting violence to meeeee :)),disapproval,Political Discourse
Conservative,Ilhan Omar eviscerated for suggesting Trump is a pedophile — and should be executed.,Brother fucker. Argument invalidated,annoyance,Political Figures
Conservative,Ilhan Omar eviscerated for suggesting Trump is a pedophile — and should be executed.,And of course it's great policy to not allow comments on her tweets. Coward. Elected officials should not be allowed to gatekeep their social media comments. Imagine the ratio on this one.,disapproval,Political communication
Conservative,Ilhan Omar eviscerated for suggesting Trump is a pedophile — and should be executed.,"So close! Right idea, wrong person. Next time pick some who actually diddled kiddies and she’ll FINALLY have said something correct.",disapproval,Political Figures
Conservative,The Least Laid Generation in History: Gen Z Is Ghosting Sex — and the Implications Are Huge,"The last reason is a good one.  Sex leads to babies, and babies are REALLY expensive.  In a world where kids can't afford to buy a house or even rent a decent apartment, why would they want to bring a baby into their lives?  They can't afford life, let alone a family and house.  At the same time, if they put down the phone for more than an hour a day, they'd realize having actual humans around that you like is far superior to doom scrolling reddit.",disappointment,Cost of Living
Conservative,The Least Laid Generation in History: Gen Z Is Ghosting Sex — and the Implications Are Huge,"Pre-internet generations, were the best of times. ",admiration,Generational Issues
Conservative,The Least Laid Generation in History: Gen Z Is Ghosting Sex — and the Implications Are Huge,"I think they just don't care about face to face,  interpersonal relationships.   

They get their dopamine rush exclusive from their devices, social media in particular. They're obsessed with the constant rush from influencers, 15 second tik tok videos, Instagram, and snapchat. And of course its all operating on an algorithm that identifies what they like.  They just keep scrolling and keep getting hits of things they want to see and hear.  This is absolutely destroying this country.",disapproval,Social Media Impact
Conservative,The Least Laid Generation in History: Gen Z Is Ghosting Sex — and the Implications Are Huge,"Why would they be having more sex? On the men's part, that implies dealing with young women, which are an absolute leftist nightmare (and I say this as a 28 year old man who deals with women his age and younger constantly). On the women's part, they've been told for so long that they can live without men that they now believe it.",anger,Gender Politics
Conservative,The Least Laid Generation in History: Gen Z Is Ghosting Sex — and the Implications Are Huge,Weird how that happens when they keep taxing citizens into poverty and then giving all that money to immigrants,anger,Immigration
Conservative,The Least Laid Generation in History: Gen Z Is Ghosting Sex — and the Implications Are Huge,"Have you been around gen z women before? They expect upfront payments just for them to show up places. Not to mention they want the most expensive things and expect the man to foot the bill for everything, even if they have more money than the man.

It's not surprising they aren't having sex considering the hoops men would have to jump through to get a gen z woman to even so much as to go on one date.",anger,Gender Roles
Conservative,The Least Laid Generation in History: Gen Z Is Ghosting Sex — and the Implications Are Huge,"I saw a study (or summary of a study) that basically said that scrolling through and watching porn activates the same reward centers as having actual sex with a multitude of sexual partners. It’s also hella addictive and available 24/7. 

If you want the root of the problem, start there. Porn, especially FREE porn, is a cancer on our society, it is actively ruining men’s social skills, confidence, and sexual expectations. 

Rant about that aside, I think looking at the sexual activity percentage in the youth is slightly misleading, especially in the context of birth rates, so what you really need to engage with is marriage rate. Back in 1990, GenX’ers were married at approximately a 25% rate. Census data shows 30% of women and 20% of men. 

The estimate for GenZ in 2025 was 4%… FOUR%. And this is because, systemically by leftist politicians and other talking heads since the dawn of the internet, the institution of marriage has been deliberately torn down to churn corporate profits, preach false ideals of freedom, and destroy the family unit. And it worked. 

Men who want to date are seen as creepy, desperate, and predatory by other men and women. 

Women who want to date are seen as desperate, easy, are objectified, and viewed as money-hungry or superficial by other men and women.

And neither demographic actually knows how to talk to and impress the other anymore. 

It will take a long time for the landscape to fix itself, if it ever can.",disapproval,Family Policy
Conservative,The Least Laid Generation in History: Gen Z Is Ghosting Sex — and the Implications Are Huge,I wonder why young men wouldn’t be wanting to get involved when leftist society has told them they’re nothing but predators and where even a random hookup with someone who later regrets it can land you in prison and ruin your life.,anger,Gender politics
Conservative,The Least Laid Generation in History: Gen Z Is Ghosting Sex — and the Implications Are Huge,"They smoke a LOT more gange, however. 
As George Will famously argued many years ago, alcohol is a social lubricant; pot makes you sit in the corner and nod off and stare at your fingers and so forth. 

While alcohol is technically a depressant, it doesn't really work like that in social situations; plus it lowers inhibitions. Pot just mellows you into inactivity....",neutral,Drug Policy
Conservative,The Least Laid Generation in History: Gen Z Is Ghosting Sex — and the Implications Are Huge,"I love how much they hate Sydney and she's on her way to be the next billionaire. I agree, she's terrible, at most I could only deal with her maybe 3 or 4 thousand times!",disapproval,Wealth
Conservative,"Former North Carolina governor Roy Cooper agreed to fast-track the release of 3,500 inmates as part of a racial equity settlement with the NAACP—and the list included 51 convicts serving life sentences for murder or rape","The NAACP is, at the very least, a shakedown organization.",disapproval,Criminal Justice
Conservative,"Former North Carolina governor Roy Cooper agreed to fast-track the release of 3,500 inmates as part of a racial equity settlement with the NAACP—and the list included 51 convicts serving life sentences for murder or rape","![gif](giphy|348f5Gu90m2CHVFUKA|downsized)

Perhaps they should be released in Roy’s neighborhood",anger,Inmate Release
Conservative,"Former North Carolina governor Roy Cooper agreed to fast-track the release of 3,500 inmates as part of a racial equity settlement with the NAACP—and the list included 51 convicts serving life sentences for murder or rape",I know that the Republican candidate was crap but years of Roy Cooper being an idiot and we elect another idiot from the same party. North Carolina makes no sense.,disapproval,State Politics
Conservative,Read the disturbing emails between Epstein and new age guru Deepak Chopra that are buried in bombshell files: 'Only sinners invited'... 'Bring your girls',"This dipshit is the champion of the libs too. The super Dem.

Funny how all the Epstein files has done is expose the Demcorats to be even WORSE than we thought",anger,Epstein Scandal
Conservative,Video: Hakeem Jeffries when inflation is at a 40-year high vs. Hakeem Jeffries when inflation is at a 4-year low,"If the left was unable to lie, they would have nothing to say.
  
Which would be a nice change for once.",disapproval,Inflation
Conservative,Video: Hakeem Jeffries when inflation is at a 40-year high vs. Hakeem Jeffries when inflation is at a 4-year low,They're a bunch of hypocrites man. ,disapproval,Inflation
Conservative,Video: Hakeem Jeffries when inflation is at a 40-year high vs. Hakeem Jeffries when inflation is at a 4-year low,Everyone on Reddit says this shit but were silent a few years ago.,annoyance,Inflation
Conservative,Video: Hakeem Jeffries when inflation is at a 40-year high vs. Hakeem Jeffries when inflation is at a 4-year low,Dude is so worthless.,disapproval,Inflation
Conservative,Video: Hakeem Jeffries when inflation is at a 40-year high vs. Hakeem Jeffries when inflation is at a 4-year low,"Of course, Dems won't give credit to anything Trump does. Trump could cure cancer and Dems would say cancer didn't need a cure.

They will say anything, do everything to make Trump look bad, when it's their policy that ruin America more.",anger,US Politics
Conservative,Video: Hakeem Jeffries when inflation is at a 40-year high vs. Hakeem Jeffries when inflation is at a 4-year low,"As usual, if they’re talking, they’re lying.",disapproval,Inflation
Conservative,Video: Hakeem Jeffries when inflation is at a 40-year high vs. Hakeem Jeffries when inflation is at a 4-year low,"I mean, people in this sub were acting a couple weeks ago like inflation was Trump's fault instead of a trend that's reversing under Trump.",annoyance,Inflation
Conservative,Video shows liberals in Minneapolis attempting to prevent ICE from arresting an illegal who was caught with 57 pounds of meth,The most useful idiots of our time.,disapproval,Immigration Enforcement
Conservative,Video shows liberals in Minneapolis attempting to prevent ICE from arresting an illegal who was caught with 57 pounds of meth,“OMG! It’s just a little boy”. ,annoyance,Immigration Enforcement
Conservative,Video shows liberals in Minneapolis attempting to prevent ICE from arresting an illegal who was caught with 57 pounds of meth,"Did the liberals also try to ""disappear"" the 57 pound bag?",disapproval,Immigration
Conservative,Video shows liberals in Minneapolis attempting to prevent ICE from arresting an illegal who was caught with 57 pounds of meth,Incredible.,disapproval,Immigration
Conservative,Video shows liberals in Minneapolis attempting to prevent ICE from arresting an illegal who was caught with 57 pounds of meth,no ~~man~~ meth is illegal!,disapproval,Immigration
Conservative,Video shows liberals in Minneapolis attempting to prevent ICE from arresting an illegal who was caught with 57 pounds of meth,JuSt LeT PeOpLe LiVe ThEiR LiVeS!,annoyance,Immigration
Conservative,Tim Walz: Americans Should Compensate Minnesota Companies that Hired Illegal Migrants,We should be prosecuting companies who knowingly hired illegal workers.,disapproval,Immigration
Conservative,Tim Walz: Americans Should Compensate Minnesota Companies that Hired Illegal Migrants,"Huh? Perhaps I exist on a separate plane of reality, but in what world would that make sense?",confusion,Immigration
Conservative,Tim Walz: Americans Should Compensate Minnesota Companies that Hired Illegal Migrants,Sometimes I think this guy can't be serious about this shit and it's depressing when you realize he is.,sadness,Immigration
Conservative,Tim Walz: Americans Should Compensate Minnesota Companies that Hired Illegal Migrants,Minneapolis is moving into United State's basement until it gets is life together. Until then we need to supply it with chicken tendies and Sunny Delight.,annoyance,Immigration
Conservative,Tim Walz: Americans Should Compensate Minnesota Companies that Hired Illegal Migrants,"Ok, pay back the stolen 9+ billion and then we can discuss it. ",anger,Immigration
Conservative,Tim Walz: Americans Should Compensate Minnesota Companies that Hired Illegal Migrants,![gif](giphy|fXnRObM8Q0RkOmR5nf),disapproval,Immigration
Conservative,Tim Walz: Americans Should Compensate Minnesota Companies that Hired Illegal Migrants,I'm not going to compensate and encourage labor exploitation ,disapproval,Immigration
Conservative,Tim Walz: Americans Should Compensate Minnesota Companies that Hired Illegal Migrants,I have an idea: maybe the Minnesota tax payers can bail them out so they can get the continued negative consequences of what they vote for. Leave the other 49 out of it. ,anger,Immigration
Conservative,Tim Walz: Americans Should Compensate Minnesota Companies that Hired Illegal Migrants,"I thought this was a Babylon Bee headline.  But nope, the moron actually said it.  It’s getting so hard to tell these days.",anger,Immigration
Conservative,Tim Walz: Americans Should Compensate Minnesota Companies that Hired Illegal Migrants,"Tim Walz should just STFU, But we all know he won't.......",annoyance,Immigration
Conservative,"ICE director stands his ground after Swalwell blowup, says Democrats are ‘misleading their constituents’","That's what they do. It's their whole platform, being snake oil merchants.",disapproval,Political tactics
Conservative,"ICE director stands his ground after Swalwell blowup, says Democrats are ‘misleading their constituents’",I agree with [Sen Ron Johnson](https://www.foxnews.com/politics/gop-senator-minnesota-ag-clash-capitol-hill-hearing-sit-smirk-its-sick). These Demorats are despicable liars who riled up their most radical and unbalanced constituents to purposefully put them in harm's way. The blood is indelibly on their hands,anger,US Politics
Conservative,"ICE director stands his ground after Swalwell blowup, says Democrats are ‘misleading their constituents’",Finally being called out,approval,Immigration enforcement
Conservative,Gen Z Is ‘Dumber’ Thanks To Adults Saturating Their Lives With Screens,"Its less about the screens and more about the complete gut job the left has done to the education system.


My sister is an 8th grade English teacher, who is not allowed to deduct grade points for grammar and spelling errors. 


She's leaving the education profession at the end of this current school year. ",disapproval,Education
Conservative,Gen Z Is ‘Dumber’ Thanks To Adults Saturating Their Lives With Screens,They are dumb and socially awkward.  The problem is the phone which is basically a cheat code that they’re using to bypass the educational groundwork that needs to happen in their early years.,disapproval,Education
Conservative,Gen Z Is ‘Dumber’ Thanks To Adults Saturating Their Lives With Screens,"Gen-X: hand em a housekey when they're a teenager and wish em the best of luck.  
Gen-Y: hand em a PC when they're in the fifth grade and wish em the best of luck.  
Gen-Z: hand em a pocket portal to hell on day one and wish em the best of luck.

Gen Alpha is shaped by covid babies and internet-raised parents, *good luck.*

&gt;Children can’t be expected to dig deeper in an educational system engineered to keep them skimming.

School district hands em chromebooks and a large portion of them end up with the rest of the family's crud on them like they're passed around the home.

&gt;A recent New York Post [article](https://nypost.com/2026/02/07/us-news/gen-z-the-first-generation-officially-dubbed-dumber-than-the-last/) declaring Gen Z “dumber” than previous generations is itself a perfect illustration of the problem: a surface-level take built around a provocative headline, thin contextualization, and little engagement with the actual data it cites.

The golden age of surface skaters, where everyone is competing for clicks and nobody explores anything to any significant depth. Google searching stopped doing what it used to do because *even if you filter out all the brands&amp;products* what's left is just an army of surface skaters reciting the same fortune cookie an infinite number of times.

&gt;“Over the past two decades,” Horvath writes, “the cognitive development of children across much of the developed world has stalled and, in many domains, reversed.” That reversal is historically unprecedented. For over a century, expanding access to education reliably produced cognitive gains until the mid-2000s. 

More noise doesn't mean more signal. People have their ears blown out with noise while they're digging for signal *and not finding it.*",disappointment,Education
Conservative,"Over 1.5 million illegal aliens with deportation orders in US, ICE director reveals","Everyone who is going on about ""due process"", once you've gotten a deportation order, that's THE PROCESS. These 1.5 million people with deportation orders should be the primary focus of ICE behind violent criminal immigrants. Deporting the violent criminals followed by anyone with a deportation order (probably a bit of overlap in that Venn diagram) would be a pretty good start for cleaning things up and somewhat less controversial.",approval,Immigration
Conservative,"Over 1.5 million illegal aliens with deportation orders in US, ICE director reveals","Bye now, buh bye 👋 

Maybe we should put a $1000 bounty on each of them.  They didn’t want to self deport, so we give the money to someone else who turns them in.",anger,Immigration
Conservative,"Over 1.5 million illegal aliens with deportation orders in US, ICE director reveals","So long as the employers are bribing the politicians, we aren't getting any deportations. We could shut down entire factories if we wanted to, imprison managers who have 100+ illegalz on the payroll, impose millions of fines on S&amp;P500 companies if caught with them, but noooo...

that would hurt the stock market!",annoyance,Immigration Enforcement
Conservative,"Over 1.5 million illegal aliens with deportation orders in US, ICE director reveals","“Denying Due Process!” Oh, wait. 😛",amusement,Immigration
Conservative,"Over 1.5 million illegal aliens with deportation orders in US, ICE director reveals","And ICE will be lucky if the obstructionists and activist judges let them deport just 10% of them.  And we'll be lucky if ""only"" 10% of those remaining vote illegally in the midterms.",disapproval,Immigration Enforcement
Conservative,Trump: ‘We don’t run from anybody’ in blasting Biden over Afghanistan withdrawal,Unless Jacob Frey tells us to fuck off. Then we run from Minnesota apparently. ,disapproval,US Politics
Conservative,Inflation 'Unexpectedly' Drops to Lowest Level Since May 2025,"For everyone thinking lower inflation means cheaper prices... it doesn't. It just means things aren't getting as expensive as fast. 

We'd need deflation for prices to go down, which is usually (though not always) a pretty big red flag for other problems with the economy.

Edit: deflation, not disinflation.",neutral,Inflation
Conservative,Inflation 'Unexpectedly' Drops to Lowest Level Since May 2025,I’ll believe it when it doesn’t cost me $100+ just to leave my house.,annoyance,Inflation
Conservative,Inflation 'Unexpectedly' Drops to Lowest Level Since May 2025,Someone tell that to prices.,annoyance,Inflation
Conservative,Inflation 'Unexpectedly' Drops to Lowest Level Since May 2025,"For the edification of the *""buT EveRyThIng Is StiLL exPenSive!""* crowd.
  
Yes.  It is.
  
Inflation reporting is a **lagging** indicator.
  
I would assume that we would all be interested in seeing a trend in which inflation continues to decline to manageable level so that we can ease the pressure, in real dollar terms, for consumers.
  
My assumption may be proven incorrect given there seem to be those among us who are eagerly seeking our collective decline.",annoyance,Inflation
Conservative,Inflation 'Unexpectedly' Drops to Lowest Level Since May 2025,What are trying to do cause another shooting this weekend? These folks can't handle this type of news,fear,Gun Violence
Conservative,Inflation 'Unexpectedly' Drops to Lowest Level Since May 2025,The loser leftists in shambles yet again with continuing positive news on the economy. ,amusement,Economy
Conservative,Olympics: French judge Jezabel Dabouis accused of rigging figure skating event against the United States to give France a gold medal.,With a name like jezabel...,disapproval,Olympic Scandal
Conservative,Olympics: French judge Jezabel Dabouis accused of rigging figure skating event against the United States to give France a gold medal.,The judge’s history of doing the same is pretty damn suspicious.,disapproval,International Relations
Conservative,Olympics: French judge Jezabel Dabouis accused of rigging figure skating event against the United States to give France a gold medal.,"Pretty convincing, if the numbers/evidence presented are accurate and true.",neutral,Olympics
Conservative,Olympics: French judge Jezabel Dabouis accused of rigging figure skating event against the United States to give France a gold medal.,Anyone who watched that could see something was off with those scores. I didnt realize 1 of the judges was French until now though so that makes more sense as to why,realization,Sports Corruption
Conservative,Olympics: French judge Jezabel Dabouis accused of rigging figure skating event against the United States to give France a gold medal.,"I haven't been watching, but I thought the high and low scores were thrown out so the outliers don't affect the outcome",confusion,Olympics
Conservative,Olympics: French judge Jezabel Dabouis accused of rigging figure skating event against the United States to give France a gold medal.,Why the hell do they allow judges from the home country of participants?!,annoyance,Sports integrity
Conservative,Olympics: French judge Jezabel Dabouis accused of rigging figure skating event against the United States to give France a gold medal.,This means war!,amusement,International Relations
Conservative,Olympics: French judge Jezabel Dabouis accused of rigging figure skating event against the United States to give France a gold medal.,"I just saw where the [ISU ""stands by"" the Olympic scoring](https://www.espn.com/olympics/story/_/id/47918503/isu-defends-olympic-ice-dance-scoring-amid-french-controversy).  Typical.",annoyance,Sports Corruption
Conservative,Olympics: French judge Jezabel Dabouis accused of rigging figure skating event against the United States to give France a gold medal.,It wouldn't he the winter Olympics without a judging controversy...,annoyance,Olympics
Conservative,Olympics: French judge Jezabel Dabouis accused of rigging figure skating event against the United States to give France a gold medal.,"I’m not a fan of any of the “judged” sports. Obviously, we need officials to ensure rules are followed. But opinion-based scoring sucks and is inherently biased.",disapproval,Sports Governance
Conservative,Skating coach Gabrielle Sam Linehan gunned down at Missouri Starbucks,"&gt;Brown was wanted for two armed robberies that took place days before Linehan’s murder — and has a criminal history that dates back to the mid-1980s, Fox 2 Now reported.

We have to start locking people up for life.",anger,Criminal Justice
Conservative,Skating coach Gabrielle Sam Linehan gunned down at Missouri Starbucks,"My question, as always, is why is someone with a nearly 4 decade long criminal history roaming the streets? Destructive empathy strikes again.",disapproval,Criminal Justice
Conservative,Skating coach Gabrielle Sam Linehan gunned down at Missouri Starbucks,"Senseless death that could have easily been avoided. Those are the saddest ones. 

This woman's family now have to mourn her because incompetent judicial workers decided to have pity on this lunatic that doesn't deserve to see the light of day again. 

God rest her soul. ",anger,Justice System
Conservative,Skating coach Gabrielle Sam Linehan gunned down at Missouri Starbucks,She's white. He's black and has a criminal history longer than my arm. Guaranteed to get less than 0 coverage by MSM.,annoyance,Media Bias
Conservative,Skating coach Gabrielle Sam Linehan gunned down at Missouri Starbucks,"Very sad. May she rest in peace. Sad that prosecutors in this city will throw the book at someone like Mark and Patricia McCloskey for defending their property, yet let individuals like this out on the street to commit more crimes. I feel blessed each day to live in a red county who enforces law and order and locks up criminals.",disapproval,Law and Order
Conservative,Skating coach Gabrielle Sam Linehan gunned down at Missouri Starbucks,77 years of Democrat control.  StL just continues to spiral down into ruin.,disapproval,Local Politics
Conservative,Skating coach Gabrielle Sam Linehan gunned down at Missouri Starbucks,"Ergh. Why was he allowed out? There’s very specific places for people like these who have proved time and time again that they cannot and refuse to function in society. Why are we being allowed to be terrorized and murdered? Also…is this high visibility, clipboard and hard hat scam becoming a trend for degenerates??",anger,Criminal Justice
Conservative,Skating coach Gabrielle Sam Linehan gunned down at Missouri Starbucks,Federal three strike rule needs implemented.,desire,Criminal Justice
Conservative,"School District of Philadelphia reshaped its social studies curriculum to focus on “the three sins of Western civilization”: capitalism, racism, and settler colonialism. It excludes the Enlightenment, both world wars, and the Cold War, while elevating and whitewashing Islamic history.",Home-school if you can. ,disapproval,Education
Conservative,"School District of Philadelphia reshaped its social studies curriculum to focus on “the three sins of Western civilization”: capitalism, racism, and settler colonialism. It excludes the Enlightenment, both world wars, and the Cold War, while elevating and whitewashing Islamic history.",That explains the stellar performance of Philly schools. Oh wait 🤬,disapproval,Education
Conservative,"School District of Philadelphia reshaped its social studies curriculum to focus on “the three sins of Western civilization”: capitalism, racism, and settler colonialism. It excludes the Enlightenment, both world wars, and the Cold War, while elevating and whitewashing Islamic history.","If Capitalism is a sin, I will gladly go to hell for it.

Nothing has improved the quality of life of the average person more than Capitalism has. ",approval,Capitalism
Conservative,"School District of Philadelphia reshaped its social studies curriculum to focus on “the three sins of Western civilization”: capitalism, racism, and settler colonialism. It excludes the Enlightenment, both world wars, and the Cold War, while elevating and whitewashing Islamic history.","lmao at colonialism being a sin. By that logic everyone on the planet came from sinners as people were always fighting over land. And the Native Americans were torturing other tribes (while also saying nobody owned the land, btw, yet people now claim it was stolen from them...)",annoyance,History Curriculum
Conservative,"Abraham Lincoln, America's first Republican President, born today","This thread has been so heavily reported that I, Automoderator, decided to promote our other socials.  [Follow us on X.com](https://x.com/rcondiscord) and [join us on Discord](https://discord.com/invite/conservative).

*I am a bot, and this action was performed automatically. Please [contact the moderators of this subreddit](/message/compose/?to=/r/Conservative) if you have any questions or concerns.*",neutral,Political History
Conservative,"Abraham Lincoln, America's first Republican President, born today","The History nerd in me always cringes when people conflate conservative with Republican.
Honest Abe may have been the first GOP President, but he was no conservative. Top 5 president of all time for keeping the Union together though.",disapproval,US Political History
Conservative,"Abraham Lincoln, America's first Republican President, born today","Happy Birthday, Honest Abe!",admiration,US History
Conservative,"Abraham Lincoln, America's first Republican President, born today",GOAT. ,admiration,US History
Conservative,"Abraham Lincoln, America's first Republican President, born today","For him to be placed on the penny was a crime. He was one of our best presidents, and they put him on the lowest monetary denomination that has now been discontinued. Shame on the Fed.",anger,US Currency
Conservative,"Abraham Lincoln, America's first Republican President, born today","""🤓☝️ Um actually…""",annoyance,US History
Conservative,"Abraham Lincoln, America's first Republican President, born today",O Captain my captain🫡,admiration,US History
Conservative,"Abraham Lincoln, America's first Republican President, born today",Happy Birthday Sir 🇺🇸🇺🇸🇺🇸,admiration,US History
Conservative,"Abraham Lincoln, America's first Republican President, born today",Also Christina Ricci's bday and she falls for all the far left stuff.,disapproval,Left-wing politics
Conservative,"Abraham Lincoln, America's first Republican President, born today","Happy fellow Cake Day, Abe!",amusement,US History
Conservative,"Trump pardons 5 former NFL stars, ""As football reminds us, excellence is built on grit, grace, and the courage to rise again. So is our nation""",I didn't love Biden's use of pardons and I'm not loving Trump's use of pardons either. The power of the pardon is becoming wildly abused.,disapproval,Presidential Pardons
Conservative,"Trump pardons 5 former NFL stars, ""As football reminds us, excellence is built on grit, grace, and the courage to rise again. So is our nation""","None of these are deserving of pardons from what I can see reported. Drug trafficking and insurance fraud?

I see no information of any works or acts after the charges to dissuade people from going down the same path or atone for the damage done to communities their crimes affected.

If they were pardoned because they could throw a ball, that's pathetic.


EDIT: r/JamTreeOwl - check my flair, I'm not US based. Stop abusing the chat feature and don't hide your posts and comments if you want to get into it.",disapproval,Pardons
Conservative,"Trump pardons 5 former NFL stars, ""As football reminds us, excellence is built on grit, grace, and the courage to rise again. So is our nation""","&gt;White House pardon czar Alice Mary Johnson announced the pardons in a post on social media. Joe Klecko, Nate Newton, Jamal Lewis, Travis Henry and the late Billy Cannon were granted clemency.

Of COURSE there's a ""pardon czar!""",annoyance,Presidential Pardons
Conservative,"Trump pardons 5 former NFL stars, ""As football reminds us, excellence is built on grit, grace, and the courage to rise again. So is our nation""",And he didn't pardon Shane Falco. Pathetic.,disapproval,Pardons
Conservative,"Trump pardons 5 former NFL stars, ""As football reminds us, excellence is built on grit, grace, and the courage to rise again. So is our nation""",I personally don’t see a big deal pardoning someone who is deceased (I think it is a waste of time) and someone for a perjury charge. Not a fan of the pardons on drug possession and trafficking charges.,disapproval,Pardons
Conservative,Virginia Supreme Court greenlights controversial Dem-backed redistricting plan,anyone else get the feeling that a couple of these states that are a little too close to washington DC arent actually very red at all..?,curiosity,Redistricting
Conservative,Virginia Supreme Court greenlights controversial Dem-backed redistricting plan,"Good job Virginia, you all screwed up. Enjoy being the new commiefornia.",disapproval,Redistricting
Conservative,Virginia Supreme Court greenlights controversial Dem-backed redistricting plan,".....and Reddit is clapping like circus seals. They don't give a shit if gerrymandering disenfranchises voters as long as it benefits them. Don't even get me started on ""Texas did it first!"". Red states need to go with the nuclear option before the GOP never wins another national election.

Edit: To the unflaired that try and DM me- I with never ever read or respond to you freaks",anger,Gerrymandering
Conservative,Virginia Supreme Court greenlights controversial Dem-backed redistricting plan,Hey Indiana republicans how about you just change parties already.,annoyance,Redistricting
Conservative,"Activist lefty judge releases four illegal immigrants convicted of murder, child sex crimes from ICE custody","The left using dubious or non existent evidence to claim the right are pedophiles, only for their judges to break the law in order to protect actual convicted pedophiles.",anger,Immigration
Conservative,"Activist lefty judge releases four illegal immigrants convicted of murder, child sex crimes from ICE custody",What else is there to say other than these people are sick in the head and will/have blood on their hands. ,anger,Immigration
Conservative,"Activist lefty judge releases four illegal immigrants convicted of murder, child sex crimes from ICE custody","This is the excuse the judge gave for releasing murderers and child rapers.

""Petitioners are currently detained in violation of their constitutional rights. Further, they have been detained with no opportunity to arrange for care for their dependents, pets, or homes; the court can only assume that bills have gone unpaid, jobs may have been lost, and petitioners may be released into housing and food instability, all because the government unlawfully detained them,” the judge wrote""

I wonder if the people they murdered, had a chance to take care of their pets.",anger,Immigration
Conservative,"Activist lefty judge releases four illegal immigrants convicted of murder, child sex crimes from ICE custody",Release them into the judge’s living room.,anger,Immigration
Conservative,"Activist lefty judge releases four illegal immigrants convicted of murder, child sex crimes from ICE custody","Release them in a dinghy outside the territorial limits of their home countries. No muss, no fuss.",disapproval,Immigration
Conservative,"Activist lefty judge releases four illegal immigrants convicted of murder, child sex crimes from ICE custody",Judge and fellow travelers are just protecting their base. ,disapproval,Immigration
Conservative,"Activist lefty judge releases four illegal immigrants convicted of murder, child sex crimes from ICE custody",The left will say good they love their criminals,disapproval,Immigration
Conservative,AOC doesn’t deny 2028 White House ambitions when asked at Munich Security Conference,"I can see it already. Hillary, Kamala and Sandy sitting side-by-side watching the Democrat's hope for oppressive control slip away again to a competent Republican.",disapproval,US Presidential Election
Conservative,AOC doesn’t deny 2028 White House ambitions when asked at Munich Security Conference,Pretty sure the only people legitimately hoping for this is the simp army of beta males.,disapproval,Elections
Conservative,AOC doesn’t deny 2028 White House ambitions when asked at Munich Security Conference,Please please please please,desire,Presidential Election
Conservative,AOC doesn’t deny 2028 White House ambitions when asked at Munich Security Conference,"I simply cannot fathom, and thank goodness it will never happen ",disapproval,Presidential Election
Conservative,AOC doesn’t deny 2028 White House ambitions when asked at Munich Security Conference,"There are a lot of people in here that seem to believe that JD Vance is the heir-apparent. Don’t write off Marco Rubio. That dude has been a rock star in this administration. Also, he has more experience than JD Vance.",neutral,Presidential Politics
Conservative,AOC doesn’t deny 2028 White House ambitions when asked at Munich Security Conference,"She’s not palatable at all to independents. And her holier than thou attitude is gonna turn off so many. 

Meaning JD will run the table.",disapproval,Elections
Conservative,AOC doesn’t deny 2028 White House ambitions when asked at Munich Security Conference,She will have secrets in her closet that eventually will come out.,disapproval,Political Ambition
Conservative,AOC doesn’t deny 2028 White House ambitions when asked at Munich Security Conference,Please let it happen 🙏 Go AOC! I believe in you!,desire,Presidential Election
Conservative,"Moreno: ""If you enter the country illegally or overstay a visa, should you be deported?"" - Ellison: ""It depends.""",From the people who are unwilling to say men can’t have babies. ,annoyance,Immigration
Conservative,"Moreno: ""If you enter the country illegally or overstay a visa, should you be deported?"" - Ellison: ""It depends.""","""Immigration is a civil matter"". Well, bub, that also ""depends."" Knowingly re-entering the US after deportation is 100% criminal.",annoyance,Immigration
Conservative,"Moreno: ""If you enter the country illegally or overstay a visa, should you be deported?"" - Ellison: ""It depends.""",Of course it depends to him.  Do they vote Democrat?  No?  Then they can get deported.,disapproval,Immigration
Conservative,"Moreno: ""If you enter the country illegally or overstay a visa, should you be deported?"" - Ellison: ""It depends.""","No, it doesn't. If you don't have permission to be here, then you get the fuck out, willingly or otherwise, until you get permission.",anger,Immigration
Conservative,"Moreno: ""If you enter the country illegally or overstay a visa, should you be deported?"" - Ellison: ""It depends.""",Fucking incredible.,disapproval,Immigration
Conservative,"New York Times reverses on pot, admits legalization brought worse outcomes",If things got worse it’s because the government didn’t do it properly.,disapproval,Marijuana Legalization
Conservative,"New York Times reverses on pot, admits legalization brought worse outcomes",This feels like a midterms trap. They're hoping the current administration bites. ,annoyance,Elections
Conservative,"New York Times reverses on pot, admits legalization brought worse outcomes","New York botched the fuck out of legalization, they stifled the businesses that were supposed to generate all the tax revenues and then the black market covered the demand.

Their experiment in practice was ""what if we just gave street dealers a green light"" but if they try to reverse things it'll still just be black market and street dealers. Everyone will know where to find them because it's where they were already going.

*""It's time to get TOUGH!""*

Ya'll voted for Mamdani.

[https://www.brainyquote.com/quotes/h\_l\_mencken\_163179](https://www.brainyquote.com/quotes/h_l_mencken_163179)

&gt;Democracy is the theory that the common people know what they want, and deserve to get it good and hard.

&gt;[H. L. Mencken](https://www.brainyquote.com/authors/h-l-mencken-quotes)",disapproval,Cannabis Legalization
Conservative,"New York Times reverses on pot, admits legalization brought worse outcomes",Pot is the dumbest fucking issue these days,annoyance,Marijuana
Conservative,"New York Times reverses on pot, admits legalization brought worse outcomes","Read the NY Times article. Two important paragraphs from the article that stuck out.

&gt; *We want to emphasize that occasional marijuana use is no more a problem than drinking a glass of wine with dinner or smoking a celebratory cigar. Many Americans find it enjoyable to smoke a joint or eat an edible, with friends or alone. Some people with serious illnesses have found relief with marijuana. Adults should have the freedom to use it.*
&gt;
&gt; ...
&gt;
&gt; *A better approach would acknowledge that many people end up worse off when they start to use marijuana more frequently. The goal should not be elimination. It should be to slow the recent rise, and perhaps partly reverse it, while acknowledging that many people use marijuana safely and responsibly. Alcohol and tobacco offer a useful framework. Both are legal with limitations, including relatively high taxes, open-container laws and regulations on alcohol and nicotine levels. The goal is to balance personal freedom and public health.*",neutral,Drug Policy
Conservative,"New York Times reverses on pot, admits legalization brought worse outcomes","Just because there are downsides doesn’t justify locking people in cages for using it. Drugs are bad mkay? Even Marijuana. But let’s put on our big boy pants and make our own big boy decisions. Honestly vapes (nicotine and THC) are a bigger issue than legalization. People vape everywhere. My teenager complains that the high school bathrooms are packed with kids vaping. People act like vapes are so much better than cigarettes, but the issue is they are so easy to use and they don’t really smell so you can get away with doing it anywhere anytime. And we don’t really know the long term health effects like we do with cigarettes. I’m not saying vapes should be illegal though. Again, let’s make our own decisions about our own health.",disapproval,Drug Policy
Conservative,"New York Times reverses on pot, admits legalization brought worse outcomes",Stay away from pot if you want to achieve a healthy life to your fullest potential.,disapproval,Drug Policy
Conservative,"New York Times reverses on pot, admits legalization brought worse outcomes","People on both the right AND left are delusional and desperate for pot to be legal. You'll find as many people on here lying that it's not dangerous to others, same as on any left leaning sub. Meanwhile, it has been known to cause some people permanent anxiety, causes permanent brain chemistry changes, lowers productivity, some DO die from overdoses of it, and it leads to many accidents and crimes.",anger,Marijuana Legalization
Conservative,"New York Times reverses on pot, admits legalization brought worse outcomes","Try presented it as a way to boost tax revenue and open businesses.   The reality was the regulations on it made it nearly impossible to compete with street dealers.  

But the biggest issue is legalization led to open and excessive use.  The pickup and dropoff  lines at my kids schools were basically full blaze mode. 

Why can't little Tommy do well in class.  Maybe because mom and dad are dropping him off fully baked every day",disapproval,Cannabis Legalization
Conservative,White Liberal Woman has a message for America,"“Look at me. I mean—*just look at me*. Do you think white, educated people like *me* are going to do *manual labor*? Get real. We *need* an underclass of brown people with a lesser rights than we have to come in and perform under-compensated labor *or we will all be fucked*. Just think about that.”

Lol, that’s only a slight exaggeration of what she actually said.",disapproval,Immigration
Conservative,White Liberal Woman has a message for America,"Wow, she's making the same (insane) statements that slave owners used in the 1850's.  These hyper-emotional, dumb-as-rocks, liberal women are a cancer to our society.",anger,Liberalism
Conservative,White Liberal Woman has a message for America,"“Someone else has to do all the manual labor because *I* won’t!”

Also her statement is blatantly false, has she seriously never met a farmer?",disapproval,Class Politics
Conservative,White Liberal Woman has a message for America,I love the justification for borderline slavery,disgust,Economic Exploitation
Conservative,White Liberal Woman has a message for America,She says it so confidently too. ,annoyance,Political Discourse
Conservative,White Liberal Woman has a message for America,"Teacher,  no doubt.",annoyance,Political Identity
Conservative,White Liberal Woman has a message for America,Vote against racism. Vote Republican.,approval,Racism
Conservative,White Liberal Woman has a message for America,Clueless child,disapproval,Political Ideology
Conservative,White Liberal Woman has a message for America,So white liberal women are useless? Don't know if that was the intended message but I agree with it.,disapproval,Identity politics
Conservative,White Liberal Woman has a message for America,The usual privileged take. Completely ignorant that there are a vast amount of white laborers and farmers today who are having their work devalued by an exploited class of people. An entire generation told college or bust and that manual labor was beneath them. Funny part is those in skilled trades with certifications are probably making twice what she is right now. ,disapproval,Class Issues
Conservative,DOJ allegedly tracked Democrats search history on Jeffrey Epstein files,"They could just unredact the names of the powerful figures that have been interacting with Epstein to avoid leaks all together

This whole process has been a joke",annoyance,Government transparency
Conservative,DOJ allegedly tracked Democrats search history on Jeffrey Epstein files,Why not just produce a list of the names and references in the document? Why is there no summary report? What the fuck?,annoyance,Government Transparency
Conservative,DOJ allegedly tracked Democrats search history on Jeffrey Epstein files,"I thought that this was a common practice for anything sensitive like this that's shared within the government, but that shouldn't be shared with the public?  That way, when documents X, Y, and Z appear unredacted on some website, they know pretty reliably whose office is responsible.

I don't *know* this, of course.  But I deal with a lot of internal government sites, and deal with  ""your actions on this site are monitored and proceeding past this warning constitutes consent"" type warnings every day.",neutral,Government Surveillance
Conservative,DOJ allegedly tracked Democrats search history on Jeffrey Epstein files,"They’ve been doing it to American citizens literally non stop since the Obama administration, let them eat each other ",anger,Government surveillance
Conservative,DOJ allegedly tracked Democrats search history on Jeffrey Epstein files,Now they’ll cry foul after supporting phone record surveillance of GOP. Both actions shouldn’t be tolerated.,disapproval,Surveillance
Conservative,DOJ allegedly tracked Democrats search history on Jeffrey Epstein files,"Real searches saved by the DOJ (probably) from an unnamed politician:

""Cory Booker""

""The great Cory Booker"" 

""Cory cool enough for island invite?""

""President Cory Booker""

""Cory Booker cool""

""Cory Booker hypogonadism normal""

""Cory Booker polls""

""Cory in the house Booker""",amusement,Epstein files
Conservative,DOJ allegedly tracked Democrats search history on Jeffrey Epstein files,Obama &amp; co illegally tapped communications of Trumps campaign. They go ahead and sit and spin.,anger,Government Surveillance
Conservative,DOJ allegedly tracked Democrats search history on Jeffrey Epstein files,"Interesting they all know who to search for in the documents, almost as if they know more than they let the public see.",annoyance,Government transparency
Conservative,DOJ allegedly tracked Democrats search history on Jeffrey Epstein files,They are doing this to track leaks.   They tracked everyone - not just democrats.,neutral,Government surveillance
Conservative,DOJ allegedly tracked Democrats search history on Jeffrey Epstein files,[ Removed by Reddit ],neutral,DOJ Surveillance
Conservative,People remember your birthday better when you have an aircraft carrier,One of the best,admiration,Military
Conservative,People remember your birthday better when you have an aircraft carrier,No one else can even come close 😎,pride,Military
Conservative,People remember your birthday better when you have an aircraft carrier,Best president. Sorry George.,admiration,Presidency
Conservative,People remember your birthday better when you have an aircraft carrier,"Best POTUS, first Republican, preserved the Union! ",admiration,US Presidency
Conservative,People remember your birthday better when you have an aircraft carrier,We'll have Trump class carriers soon.,neutral,Military
Conservative,"Enes Kanter: Eileen Gu is a traitor. She was born in America, raised in America, lives in America, and chose to compete against her own country for the worst human rights abuser on the planet, China.",The real problem is she uses her American free speech privileges to trash America but is completely silent on China.,disapproval,US-China Relations
Conservative,"Enes Kanter: Eileen Gu is a traitor. She was born in America, raised in America, lives in America, and chose to compete against her own country for the worst human rights abuser on the planet, China.",Lenin expected there to be useful idiots. He was right about one thing.,disapproval,China
Conservative,"Enes Kanter: Eileen Gu is a traitor. She was born in America, raised in America, lives in America, and chose to compete against her own country for the worst human rights abuser on the planet, China.",The only thing she cares about is money. During the Olympics coverage I heard she made $20 million in sponsorships. People can find out who those sponsors are and make it known they will boycott those companies and make it known why. ,disapproval,China
Conservative,"Enes Kanter: Eileen Gu is a traitor. She was born in America, raised in America, lives in America, and chose to compete against her own country for the worst human rights abuser on the planet, China.",Yep,disapproval,US-China Relations
Conservative,"Enes Kanter: Eileen Gu is a traitor. She was born in America, raised in America, lives in America, and chose to compete against her own country for the worst human rights abuser on the planet, China.",Why isn’t she living in the glorious splendor of China?,disapproval,China
Conservative,"Enes Kanter: Eileen Gu is a traitor. She was born in America, raised in America, lives in America, and chose to compete against her own country for the worst human rights abuser on the planet, China.",And it was leaked they paid her 5 million,disapproval,China
Conservative,"Enes Kanter: Eileen Gu is a traitor. She was born in America, raised in America, lives in America, and chose to compete against her own country for the worst human rights abuser on the planet, China.","23 million reasons why she competed for China. 

Hate her all you want... but I want to see the rest of you make that choice.  ",neutral,China
Conservative,Virginia Democrats fast-track new congressional map for 4 more seats,And the cycle continues. More Americans represented by people they disapprove of,disapproval,Redistricting
Conservative,Virginia Democrats fast-track new congressional map for 4 more seats,Tell me if this is crazy but I wish the maps were just the counties and then the state elections would use an electoral college system so one county wouldn’t be the entire decider for state elections.,desire,Electoral System
Conservative,Virginia Democrats fast-track new congressional map for 4 more seats,Republicans stand on principle and Democrats run the table.  We need Texas to take another five now.,disappointment,Redistricting
Conservative,Virginia Democrats fast-track new congressional map for 4 more seats,Dems deny representation to more Republicans. That’s what I read.,disapproval,Redistricting
Conservative,Virginia Democrats fast-track new congressional map for 4 more seats,![gif](giphy|SRvx2YprMNT80zON2K),amusement,Redistricting
Conservative,Virginia Democrats fast-track new congressional map for 4 more seats,Two small areas of blue in VA keep the whole state blue what more do they want?,annoyance,Redistricting
Conservative,Obama Whines On Internet After Watching Trump Kill His Climate Legacy,"Obama’s mansions (plural) probably burp more carbon in a year than I do in a lifetime, but go ahead and whine bro.",annoyance,Climate Change
Conservative,Obama Whines On Internet After Watching Trump Kill His Climate Legacy,*Elections have consequences* 😉,approval,Climate Change
Conservative,Obama Whines On Internet After Watching Trump Kill His Climate Legacy,"I remember this smug asshole speaking directly to Trump at a correspondent dinner that he’ll “never be president” strictly to embarrass and humiliate him.  

How’d that work out, fruity?",anger,Presidency
Conservative,Obama Whines On Internet After Watching Trump Kill His Climate Legacy,"![gif](giphy|l3vR6aasfs0Ae3qdG)

Any chance to stiff that prick.

Smith-Mundt Act 2012 next please!",anger,Information Policy
Conservative,Obama Whines On Internet After Watching Trump Kill His Climate Legacy,🍷,amusement,Climate Change
Conservative,Obama Whines On Internet After Watching Trump Kill His Climate Legacy,Who?,confusion,Climate Change
Conservative,"Britain is Being ‘Colonised’ By Mass Migration, Warns Billionaire Businessman Jim Ratcliffe","This thread has been so heavily reported that I, Automoderator, decided to promote our other socials.  [Follow us on X.com](https://x.com/rcondiscord) and [join us on Discord](https://discord.com/invite/conservative).

*I am a bot, and this action was performed automatically. Please [contact the moderators of this subreddit](/message/compose/?to=/r/Conservative) if you have any questions or concerns.*",neutral,Not applicable
Conservative,"Britain is Being ‘Colonised’ By Mass Migration, Warns Billionaire Businessman Jim Ratcliffe",The rest of Reddit is in denial and in full attack mode on this - not that I’m surprised,disapproval,Immigration
Conservative,"Britain is Being ‘Colonised’ By Mass Migration, Warns Billionaire Businessman Jim Ratcliffe",It's too late for them. We need to make sure this does not happen in the US.,fear,Immigration
Conservative,"Britain is Being ‘Colonised’ By Mass Migration, Warns Billionaire Businessman Jim Ratcliffe",Britain is not alone.  All western nations are being taken over.,disapproval,Immigration
Conservative,"Britain is Being ‘Colonised’ By Mass Migration, Warns Billionaire Businessman Jim Ratcliffe",*”Has been colonised”,disapproval,Immigration
Conservative,"Britain is Being ‘Colonised’ By Mass Migration, Warns Billionaire Businessman Jim Ratcliffe",Dude's about 20 years too late but yeah.,disapproval,Immigration
Conservative,"Britain is Being ‘Colonised’ By Mass Migration, Warns Billionaire Businessman Jim Ratcliffe",They are on an island.  How the fuck can anyone get in without permission,confusion,Immigration
Conservative,"Britain is Being ‘Colonised’ By Mass Migration, Warns Billionaire Businessman Jim Ratcliffe","""Britain is being 'Colonised' by mass migration"" warns anyone with eyeballs.",annoyance,Immigration
Conservative,"Britain is Being ‘Colonised’ By Mass Migration, Warns Billionaire Businessman Jim Ratcliffe","Little late to the party, Jim.",annoyance,Immigration
Conservative,"Britain is Being ‘Colonised’ By Mass Migration, Warns Billionaire Businessman Jim Ratcliffe","What I don’t seem to understand is, why hasn’t the monarchy done something about it? Do they just simply not care what happens to the peasants? I understand they’re more symbolic nowadays, but I thought they can choose to use their power that they delegated out. 

Probably not worded right, I only have a vague concept of how their government works…",confusion,Immigration
Conservative,‘You Exposed Him To Real Danger!’: Father Goes Thermonuclear On School Board After Anti‐ICE Walkout,"I hope every single one of these parents sue. You can’t just drag peoples kids out to these things without permission. It’s sad our education system wouldn’t know better, I have to sign a release just for my kid to bowl at school incase an injury. Yet these schools allowed these kids to freely roam the streets. Using our kids as pawns should never be tolerated",anger,Parental Rights
Conservative,‘You Exposed Him To Real Danger!’: Father Goes Thermonuclear On School Board After Anti‐ICE Walkout,As he rightfully should and as they so deserve. Good on him. 👏🏻,approval,Immigration
Conservative,‘You Exposed Him To Real Danger!’: Father Goes Thermonuclear On School Board After Anti‐ICE Walkout,Using their students not only to push their agenda but as human shields. Teachers doing this should be charged with child endangerment.,anger,Immigration
Conservative,‘You Exposed Him To Real Danger!’: Father Goes Thermonuclear On School Board After Anti‐ICE Walkout,"Good and Pretti weren’t quite the martyrs the Democratic Party wanted, and didn’t get enough attention.  Now they are trying to push kids out on the line to get tear-gassed and attacked.  They really don’t care.  They just want to hold up a kids body to be able to say orange man bad.",disapproval,Partisan politics
Conservative,‘You Exposed Him To Real Danger!’: Father Goes Thermonuclear On School Board After Anti‐ICE Walkout,Public school will soon be gone,disapproval,Education
Conservative,"Rep. Henry Cuellar (D-TX) Only House Democrat to Vote In Favor of Voter ID to Prove Citizenship -- Rep. Chip Roy (R-TX)’s SAVE America Act passed 218 to 213 on Wednesday, and could go into effect as early as this November.",This NEEDS to be in effect by November.,desire,Voter ID
Conservative,"Rep. Henry Cuellar (D-TX) Only House Democrat to Vote In Favor of Voter ID to Prove Citizenship -- Rep. Chip Roy (R-TX)’s SAVE America Act passed 218 to 213 on Wednesday, and could go into effect as early as this November.",How is it going to go into effect when Democrats will filibuster it in the Senate?,confusion,Voter ID
Conservative,"Rep. Henry Cuellar (D-TX) Only House Democrat to Vote In Favor of Voter ID to Prove Citizenship -- Rep. Chip Roy (R-TX)’s SAVE America Act passed 218 to 213 on Wednesday, and could go into effect as early as this November.","Why is this a surprise, why would democrats, socialists and communists want voter ID? They don’t, voter ID means they lose elections and they cannot have that.

TDS",disapproval,Voter ID
Conservative,"Rep. Henry Cuellar (D-TX) Only House Democrat to Vote In Favor of Voter ID to Prove Citizenship -- Rep. Chip Roy (R-TX)’s SAVE America Act passed 218 to 213 on Wednesday, and could go into effect as early as this November.","I wish I had your faith in the senate. Even if it does miraculously manage to pass, some corrupt judge will stop it",annoyance,Voter ID
Conservative,"No, the Tumbler Ridge school-shooting suspect was not ‘female’","This thread has been so heavily reported that I, Automoderator, decided to promote our other socials.  [Follow us on X.com](https://x.com/rcondiscord) and [join us on Discord](https://discord.com/invite/conservative).

*I am a bot, and this action was performed automatically. Please [contact the moderators of this subreddit](/message/compose/?to=/r/Conservative) if you have any questions or concerns.*",neutral,Not applicable
Conservative,"No, the Tumbler Ridge school-shooting suspect was not ‘female’",Gunperson SMH lol,annoyance,Gun Control
Conservative,"No, the Tumbler Ridge school-shooting suspect was not ‘female’",The big subs are calling him a gun loving white supremacist conservative. You cant make this up lmao,annoyance,Political Ideology
Conservative,"No, the Tumbler Ridge school-shooting suspect was not ‘female’","""Attention r/Conservative, your noticing has been noticed and you've been put on notice."" -Reddit mods (probably)",annoyance,Social Issues
Conservative,"No, the Tumbler Ridge school-shooting suspect was not ‘female’","Please look up the names: Trinity ""Jamie"" Shockley 18 Indiana, Robin Westman 23 annunciation school, William Whitworth 19 who identified as ""Lilly"" in Colorado, Nashville Covenant School shooter Audrey Hale.",neutral,School Shootings
Conservative,"No, the Tumbler Ridge school-shooting suspect was not ‘female’","Wow, another one?",disappointment,School Shootings
Conservative,"No, the Tumbler Ridge school-shooting suspect was not ‘female’",[removed],neutral,School Shootings
Conservative,"No, the Tumbler Ridge school-shooting suspect was not ‘female’","It would be wild to see the internal debates with whether to say that a female and not a white male was a mass shooter, or admit that gender identity that conflicts with a person's biological gender is meaningless. Because they literally need to pick one. Not to mention this occurred in a country with extremely rigid gun control. No wonder this story isn't the big news it would be if it fit their narrative. ",disapproval,Gender Identity
Conservative,"No, the Tumbler Ridge school-shooting suspect was not ‘female’","https://x.com/kornstalx/status/2021503775647858727

No one is going to see this, but the Tumbler Ridge “gunperson” was a redditor. He deleted his account but there are archives. There are videos of him at a gun range.

I’ve identified the range, and it’s 3 hours from Tumbler Ridge.

https://arctic-shift.photon-reddit.com/search?fun=posts_search&amp;author=jesseboy347",neutral,School Shootings
Conservative,"No, the Tumbler Ridge school-shooting suspect was not ‘female’",They videos I saw of em are wild,surprise,School Shooting
Conservative,"In Historic Deregulatory Move, Trump Officially Revokes 2009 Obama-era ""Endangerment Finding"" -- The basis that Radical Left activists used to justify over $1.3T in crushing regulations on American families and businesses. This is the single largest deregulatory action in U.S. history.","Are we undoing abolition of slavery next? This is total BS. start-stop feature is now standard, it doesn't harm the vehicle (because we have better components), and without other expensive fixes, it helps the environment just a little bit without any negatives - unless you want to sit there and rev up your engines.  

This owing-the-libs BS needs to stop, and the administration needs to work on real issues that will drive US growth.",annoyance,Environmental Regulations
Conservative,"In Historic Deregulatory Move, Trump Officially Revokes 2009 Obama-era ""Endangerment Finding"" -- The basis that Radical Left activists used to justify over $1.3T in crushing regulations on American families and businesses. This is the single largest deregulatory action in U.S. history.","it has to get translated into actually getting rid of the regulations though.

and sadly I think the automakers are unlikely to change it because they will expect the next democratic president to immediately put it back in place.",sadness,Deregulation
Conservative,"In Historic Deregulatory Move, Trump Officially Revokes 2009 Obama-era ""Endangerment Finding"" -- The basis that Radical Left activists used to justify over $1.3T in crushing regulations on American families and businesses. This is the single largest deregulatory action in U.S. history.",This what I voted for. ,approval,Deregulation
Conservative,"In Historic Deregulatory Move, Trump Officially Revokes 2009 Obama-era ""Endangerment Finding"" -- The basis that Radical Left activists used to justify over $1.3T in crushing regulations on American families and businesses. This is the single largest deregulatory action in U.S. history.",[deleted],neutral,Environmental Policy
Conservative,"In Historic Deregulatory Move, Trump Officially Revokes 2009 Obama-era ""Endangerment Finding"" -- The basis that Radical Left activists used to justify over $1.3T in crushing regulations on American families and businesses. This is the single largest deregulatory action in U.S. history.",About damn time. We’ve been told for years those starters are tough and will never break from all the extra activations all day and in hot weather heavy traffic. That’s not true. Those starters fail all the time. EPA can’t change laws of nature.,annoyance,Environmental Regulations
Conservative,"In Historic Deregulatory Move, Trump Officially Revokes 2009 Obama-era ""Endangerment Finding"" -- The basis that Radical Left activists used to justify over $1.3T in crushing regulations on American families and businesses. This is the single largest deregulatory action in U.S. history.",I was told by a person who studied d e f that it kills bees. He would think people would be up in arms about that. I mean after all it is ammonia being spewed out of the exhaust pipes.,disapproval,Environmental Regulations
Conservative,"In Historic Deregulatory Move, Trump Officially Revokes 2009 Obama-era ""Endangerment Finding"" -- The basis that Radical Left activists used to justify over $1.3T in crushing regulations on American families and businesses. This is the single largest deregulatory action in U.S. history.",long overdue. hopefully he'll give any and all assurances to the auto makers so that they then have the balls to quit putting all the much-hated emissions nonsense on their vehicles. NO one likes that stuff and it objectively makes the vehicle worse.,approval,Environmental Regulations
Conservative,"In Historic Deregulatory Move, Trump Officially Revokes 2009 Obama-era ""Endangerment Finding"" -- The basis that Radical Left activists used to justify over $1.3T in crushing regulations on American families and businesses. This is the single largest deregulatory action in U.S. history.",About fucking time.,relief,Deregulation
Conservative,"In Historic Deregulatory Move, Trump Officially Revokes 2009 Obama-era ""Endangerment Finding"" -- The basis that Radical Left activists used to justify over $1.3T in crushing regulations on American families and businesses. This is the single largest deregulatory action in U.S. history.",Let’s go,excitement,Environmental Regulation
Conservative,"In Historic Deregulatory Move, Trump Officially Revokes 2009 Obama-era ""Endangerment Finding"" -- The basis that Radical Left activists used to justify over $1.3T in crushing regulations on American families and businesses. This is the single largest deregulatory action in U.S. history.",Let's fucking go!,excitement,Deregulation
Conservative,Video Claiming White Americans Never Did Manual Labor Draws Mockery,Someone hasn't been on a construction site ever it seems.,annoyance,Race
Conservative,Video Claiming White Americans Never Did Manual Labor Draws Mockery,lol the word slave comes from Slavic people because they kept getting captured.  History is wild.,amusement,Slavery
Conservative,Video Claiming White Americans Never Did Manual Labor Draws Mockery,Today I learned working in a shipyard is considered white collar…..🤦‍♂️,annoyance,Race
Conservative,Video Claiming White Americans Never Did Manual Labor Draws Mockery,With all this anti white hatred are we going to be entitled to reparations?,annoyance,Reparations
Conservative,Video Claiming White Americans Never Did Manual Labor Draws Mockery,"""Looks at 10 generations of dirt farmers in his family""  You guys were so lazy.",annoyance,Labor History
Conservative,Video Claiming White Americans Never Did Manual Labor Draws Mockery,"Thousands of Irish laborers died constructing The New Basin Canal in Louisiana, which was dug by hand through disease-infested swamps to link Lake Pontchartrain to the city. Irish were used because the potential loss of slaves was considered too costly.",anger,Historical Labor
Conservative,Video Claiming White Americans Never Did Manual Labor Draws Mockery,"**EVEN IF** this was the case, that's not an argument for creating a second-class, shadow citizenry of people that depends logistically on people who are just as likely to take your life savings and sell you into slavery as they are to actually sneak you into the US.  And it's hard to keep listening to these clowns repeat the claims that it's good for the economy when for millions of people, the entire reason they are here is to send dollars back to their families at home.  

I haven't seen a single person arguing in favor of *closed* borders.  I have seen countless people arguing in favor of secure, *functional* borders.",anger,Immigration
Conservative,Video Claiming White Americans Never Did Manual Labor Draws Mockery,Didn’t any of these people come from blue collar families?,annoyance,Labor
Conservative,Video Claiming White Americans Never Did Manual Labor Draws Mockery,"When my father-in-law was a kid, he and his (young) widowed mother picked cotton in the south.  Doesn't get more manual labor than that. German-Scottish for the record.",neutral,Race and History
Conservative,Video Claiming White Americans Never Did Manual Labor Draws Mockery,People forget about those who came over first and also the Irish who were treated horribly and built so much.,disapproval,Immigration
Conservative,Minnesota Gov. Tim Walz slammed over proposed $10M ‘relief package’ for businesses impacted by Trump’s immigration crackdown,Lol omg you really can’t make this stuff up.,amusement,Immigration
Conservative,Minnesota Gov. Tim Walz slammed over proposed $10M ‘relief package’ for businesses impacted by Trump’s immigration crackdown,"Is he trying to pay out to the ""Learing Center"" even after they've shut down!?😦",disapproval,Immigration
Conservative,Minnesota Gov. Tim Walz slammed over proposed $10M ‘relief package’ for businesses impacted by Trump’s immigration crackdown,Attempting to line his pockets before he disappears forever since the grift is over? Hmm,disapproval,Immigration
Conservative,Minnesota Gov. Tim Walz slammed over proposed $10M ‘relief package’ for businesses impacted by Trump’s immigration crackdown,"The play is simple on this. Walz has back channels on all this stuff. Any ""relief"" money paid out goes to his friends who give him a cut back. He is a fraudster, and it isn't even a secret.",anger,Immigration
Conservative,Minnesota Gov. Tim Walz slammed over proposed $10M ‘relief package’ for businesses impacted by Trump’s immigration crackdown,"""We need to bail out the criminals that were illegally employing illegal immigrants!""

jfc 😂",disapproval,Immigration
Conservative,Minnesota Gov. Tim Walz slammed over proposed $10M ‘relief package’ for businesses impacted by Trump’s immigration crackdown,"Awesome idea, ""Nuckle-head"". (Dang, hurt my eyes by rolling them so hard.)",annoyance,Immigration
Conservative,Minnesota Gov. Tim Walz slammed over proposed $10M ‘relief package’ for businesses impacted by Trump’s immigration crackdown,"Well, he’s getting out of politics so he’s got to set up his retirement fund.😂",amusement,Immigration
Conservative,Graham teases Trump plan to end sanctuary city policies 'forever',"From today: [https://x.com/EricLDaugh/status/2022052050104987750](https://x.com/EricLDaugh/status/2022052050104987750)

&gt;The US Senate is now moving toward criminalizing sanctuary city mayors and governors — a deal with the White House would allow arrests of officials  
  
""You would face punishment. That will STOP illegal sanctuary policy!""",neutral,Sanctuary Cities
Conservative,Graham teases Trump plan to end sanctuary city policies 'forever',"So the Senate will pass this, but not the SAVE act? Good luck with that….",annoyance,Immigration
Conservative,Graham teases Trump plan to end sanctuary city policies 'forever',One can only hope.,desire,Sanctuary Cities
Conservative,Graham teases Trump plan to end sanctuary city policies 'forever',[removed],neutral,Sanctuary Cities
Conservative,Graham teases Trump plan to end sanctuary city policies 'forever',"Just to explain why Democrats implement sanctuary city policies, their goal is to protect ""local resources"" to build trust with immigrant communities.


I don't see these policies ending because some immigrant communities hold up a portion of the city's economy, culture, revenue, workforce. Plus the policies provide a ""safety bubble"" for their residents (legal or illegal). Popping that will cause extreme chaos.


So their economy, culture, etc would be dramatically affected by eliminating the policies. We need to minimize sanctuary city policies slowly with precision. 


I think precision ICE enforcement in sanctuary cities is pretty effective 👍",neutral,Sanctuary Cities
Conservative,Revealed: Disney's 'Snow White' Remake Lost Studio An Astonishing $170 Million,And Disney executives still won't learn anything from this. ,annoyance,Culture Wars
Conservative,Revealed: Disney's 'Snow White' Remake Lost Studio An Astonishing $170 Million,"Probably would've only lost $50 million without her because live action remakes are dumb, but I'm glad she managed to lose them over $100 million more. ",joy,Culture Wars
Conservative,Revealed: Disney's 'Snow White' Remake Lost Studio An Astonishing $170 Million,"And what lessons will Disney learn as a result? 

...

THATS RIGHT KIDS, they won't learn shit. 

They should've canned or forced a gag order on Rachel the moment she started running her psychopathic mouth",anger,Culture Wars
Conservative,Revealed: Disney's 'Snow White' Remake Lost Studio An Astonishing $170 Million,![gif](giphy|J8FZIm9VoBU6Q),disapproval,Culture Wars
Conservative,Revealed: Disney's 'Snow White' Remake Lost Studio An Astonishing $170 Million,"This was really important. I'm noticing less trash talking from actors to fans. There are some exceptions from a couple veterans,  but I hope this is the end of this. We don't owe them any money. I'm tired of companies treating customers like garbage and expecting money from them.",annoyance,Corporate Behavior
Conservative,Revealed: Disney's 'Snow White' Remake Lost Studio An Astonishing $170 Million,"And to think, had they just paid me 100M instead of making that trash movie, their company would be 70M richer today! Let this be a lesson.",amusement,Entertainment Industry
Conservative,Revealed: Disney's 'Snow White' Remake Lost Studio An Astonishing $170 Million,"While the writing was garbage, and would likely have led to a net-loss anyway, the REAL problem the film faced was the P.R. disaster that was the leading actress.

While Zegler may be a talented person, her actions and attitude displayed before the film's release seriously soured people on the whole project.

It's hard to find success when your frontliner is unwittingly sabotaging the whole thing.",disapproval,Culture Wars
Conservative,Revealed: Disney's 'Snow White' Remake Lost Studio An Astonishing $170 Million,Disney hates its stockholders,disapproval,Business
Conservative,Revealed: Disney's 'Snow White' Remake Lost Studio An Astonishing $170 Million,"All the while making Rachel Zegler completely persona non grata in Hollywood.

Talk about an epic fail!",disapproval,Culture Wars
Conservative,Revealed: Disney's 'Snow White' Remake Lost Studio An Astonishing $170 Million,They also shouldn’t had cast a black person to play a mermaid,disapproval,Racial Representation
Conservative,Iran named vice-chair of UN democracy panel despite ongoing crackdowns at home,And THIS is why we defunded them. This right here. The UN is cooked.,disapproval,United Nations
Conservative,Iran named vice-chair of UN democracy panel despite ongoing crackdowns at home,"APPROVED WITHOUT OBJECTIONS 

lol

This is why",disapproval,UN Politics
Conservative,Iran named vice-chair of UN democracy panel despite ongoing crackdowns at home,Another sign that the UN is a joke.,disapproval,United Nations
Conservative,Iran named vice-chair of UN democracy panel despite ongoing crackdowns at home,God I pray I get to see the shocked look on liberals and dictators faces when we finally disband this cancer on humanity,anger,United Nations
Conservative,Iran named vice-chair of UN democracy panel despite ongoing crackdowns at home,UN is a joke that everyone who actually cares laughs at.,disapproval,United Nations
Conservative,Iran named vice-chair of UN democracy panel despite ongoing crackdowns at home,Iran’s current government needs to go bye bye 👋!,disapproval,Iranian Government
Conservative,Iran named vice-chair of UN democracy panel despite ongoing crackdowns at home,The UN is a fucking joke. It is actually hilarious how corrupted they are.,anger,United Nations
Conservative,'Democratic Party is too liberal': CNN analyst warns of 'electoral repercussions' after shocking poll results,"Can you imagine how far to the left you'd have to go for the Communist News Network to have to attempt to reel you back in? Like, left the planet left: that’s how far left.",disapproval,Democratic Party
Conservative,'Democratic Party is too liberal': CNN analyst warns of 'electoral repercussions' after shocking poll results,Lazy fucks,anger,Electoral Politics
Conservative,Today's coin,"They stopped minting the penny. For this i am glad. It cost 3pennies to make one penny

And they'd often end up littering the ground",relief,Monetary Policy
Conservative,Today's coin,I think stopping minting pennies was the wrong call. They should have found either a cheaper or longer lasting material to make them out of.,disapproval,Currency
Conservative,Rant,I wonder if this will have any impact on the Epstein Files that we were told don't exist and yet which keep coming out.,curiosity,Epstein Files
Conservative,Rant,"Actually, Trump could spend a few million of his $2 billion war chest that he's accumulated and put on commercials all over the country identifying all the violent criminals that have been taken off the streets.  Why he's hoarding all that money is puzzling.",confusion,Campaign Strategy
Conservative,Rant,"Think of how stupid the average person is, and realize that half of them are stupider than that.

\~ George Carlin",disapproval,Public Intelligence
Conservative,Rant,"To be fair, this won't be anywhere close to the near full government shutdown we had in October.",neutral,Government Shutdown
Conservative,Rant,"Yep

Democrats also went from “shutdowns = bad” to “shutdowns = good”, in the span of a decade",annoyance,Government Shutdowns
Conservative,Rant,[removed],neutral,No content
Conservative,Trump Signs Kennedy Bill Ending Government Payments to Deceased Americans,That we needed legislation for this…Jfc I feel like the waste and corruption is just endless,anger,Government Waste
Conservative,Trump Signs Kennedy Bill Ending Government Payments to Deceased Americans,The fact that we needed a bill for this?  My God. ,disapproval,Government Spending
Conservative,Trump Signs Kennedy Bill Ending Government Payments to Deceased Americans,Excellent news. This is exactly the type of reform and fraud protection that Congress should focus on.,approval,Fraud Protection
Conservative,Trump Signs Kennedy Bill Ending Government Payments to Deceased Americans,"Just wait for the lawsuits from those poor deceased Americans who can't make it now because the government is not giving them money.

And the brave federal district judges who will defend them. /s

I am sure those poor deceased Americans will continue to vote Democrat.",amusement,Voter Fraud
Conservative,Trump Signs Kennedy Bill Ending Government Payments to Deceased Americans,Great news and it passed without any issues in the house or senate. Another piece of red tape ripped off the board.,approval,Government Waste
Conservative,Trump Signs Kennedy Bill Ending Government Payments to Deceased Americans,Now do the same for the IRS to share information with the census bureau and stop wasting taxpayers money sending out questionnaires!,disapproval,Government Efficiency
Conservative,Trump Signs Kennedy Bill Ending Government Payments to Deceased Americans,Did anyone oppose this? I’d love to hear their reasoning.  Not the obvious “we need that for fraud” but whatever half baked idea they come up with.,disapproval,Government spending
Conservative,Trump Signs Kennedy Bill Ending Government Payments to Deceased Americans,Might nab a bunch of dead voters with this as well.,disapproval,Voter Fraud
Conservative,Trump Signs Kennedy Bill Ending Government Payments to Deceased Americans,And that took a bill. wow corrupt dems,disapproval,Government spending
Conservative,Trump Signs Kennedy Bill Ending Government Payments to Deceased Americans, But how will they make it to polling stations to vote now?,annoyance,Voter Fraud
Conservative,"Nearly half of Europeans would back banning Musk's X if it keeps breaking EU law, new poll finds",“Nearly half would support” is a weird way of saying “the majority do not support”,neutral,Tech Regulation
Conservative,"Nearly half of Europeans would back banning Musk's X if it keeps breaking EU law, new poll finds",The other half would support using VPNs to subvert the other half’s desire.,neutral,Digital Regulation
Conservative,"Nearly half of Europeans would back banning Musk's X if it keeps breaking EU law, new poll finds","If thats what the EU wants to do go for it. It's their business let them do what they want. Not that they could ever leave the US alone without telling us what to do.  

Go ahead and stick it to Musk. That's ultimately what it's about. I'm sure it will hurt him so much with his 800 plus billion.",annoyance,Digital Regulation
Conservative,"Nearly half of Europeans would back banning Musk's X if it keeps breaking EU law, new poll finds","&gt;Almost one in two Europeans would support banning the social media platform X from the European Union if it continues to breach EU rules...

This message is brought to you by the almost one in two Europeans who support wide open borders and a global communist state.",disapproval,Immigration
Conservative,"Nearly half of Europeans would back banning Musk's X if it keeps breaking EU law, new poll finds","I’ve said it for years but there is no other country on the planet with legitimate free speech. It has merely become more obvious that I was right as Europe has increasingly come down on any kind of speech that doesn’t fit the official narrative. Ironically, this is quickly becoming a remarkably visible case for American Exceptionalism.",disapproval,Free Speech
Conservative,"Nearly half of Europeans would back banning Musk's X if it keeps breaking EU law, new poll finds","EU can do what it thinks is best for the EU but it cannot do what it thinks is best for the US.

So long as they stay in their lane I don't care what direction they go.",neutral,Jurisdiction
Conservative,"Nearly half of Europeans would back banning Musk's X if it keeps breaking EU law, new poll finds","The left loves censorship, Funny how they think democratic censorship isn't an oxymoron.",disapproval,Censorship
Conservative,"Nearly half of Europeans would back banning Musk's X if it keeps breaking EU law, new poll finds",Nearly 100 percent of comments are telling OP he's an idiot. That's good democracy. ,disapproval,Democracy
Conservative,"Nearly half of Europeans would back banning Musk's X if it keeps breaking EU law, new poll finds",Half of euros are brainwashed leftoids.,disapproval,Political Ideology
Conservative,"Nearly half of Europeans would back banning Musk's X if it keeps breaking EU law, new poll finds",Which includes probably 99% of Reddit users and 99.9% of the mods. ,neutral,Social Media Regulation
